"~start_node_id","~start_node_labels","~start_node_property_name","~relationship_type","~end_node_id","~end_node_labels","~end_node_property_name","~end_node_property_alias","~start_node_property_alias"
"707","Genetic","HBs","Association","708","Disease","hepatocellular cancer",,
"709","Genetic","p53","Association","3","Disease","hepatocellular carcinoma","['Hepatocellular Carcinoma']",
"60","Genetic","HBx","Association","263","Disease","tumor",,
"60","Genetic","HBx","Association","486","Disease","Tumor","['tumor']",
"60","Genetic","HBx","Association","3","Disease","hepatocellular carcinoma","['Hepatocellular Carcinoma']",
"710","Chemical","hepatitis B immunoglobulin","Negative","711","Disease","Hepatocellular carcinoma",,
"710","Chemical","hepatitis B immunoglobulin","Correlation","711","Disease","Hepatocellular carcinoma",,
"712","Genetic","APOBEC3","Association","713","Disease","hepatocarcinogenesis",,
"712","Genetic","APOBEC3","Association","292","Disease","Hepatitis B Virus","['hepatitis B virus']",
"714","Genetic","hepatitis B virus","Association","3","Disease","hepatocellular carcinoma","['Hepatocellular Carcinoma']",
"715","Genetic","miR-203a","Association","3","Disease","hepatocellular carcinoma","['Hepatocellular Carcinoma']",
"716","Genetic","apolipoprotein E","Association","463","Disease","hepatitis C","['Hepatitis C']",
"716","Genetic","apolipoprotein E","Association","450","Disease","hepatitis C virus infection",,
"614","Genetic","Hepatitis B surface antigen","Association","3","Disease","hepatocellular carcinoma","['Hepatocellular Carcinoma']",
"717","Genetic","DNASE1L3","Association","2","Disease","liver cirrhosis","['Liver cirrhosis']",
"717","Genetic","DNASE1L3","Association","718","Disease","autoimmune diseases and tumors",,
"717","Genetic","DNASE1L3","Association","279","Disease","tumors",,
"717","Genetic","DNASE1L3","Association","3","Disease","hepatocellular carcinoma","['Hepatocellular Carcinoma']",
"59","Genetic","X protein","Association","711","Disease","Hepatocellular carcinoma",,
"719","Genetic","pre-S","Association","711","Disease","Hepatocellular carcinoma",,
"719","Genetic","pre-S","Association","263","Disease","tumor",,
"719","Genetic","pre-S","Association","486","Disease","Tumor","['tumor']",
"720","Chemical","Interferon","Negative","3","Disease","hepatocellular carcinoma","['Hepatocellular Carcinoma']",
"720","Chemical","Interferon","Correlation","3","Disease","hepatocellular carcinoma","['Hepatocellular Carcinoma']",
"9","Genetic","HBsAg","Association","31","Disease","chronic hepatitis B",,
"9","Genetic","HBsAg","Association","3","Disease","hepatocellular carcinoma","['Hepatocellular Carcinoma']",
"721","Genetic","IL-2","Association","39","Disease","cirrhosis",,
"721","Genetic","IL-2","Association","3","Disease","hepatocellular carcinoma","['Hepatocellular Carcinoma']",
"110","Genetic","APOBEC3B","Association","204","Disease","liver cancer","['Liver Cancer']",
"712","Genetic","APOBEC3","Association","204","Disease","liver cancer","['Liver Cancer']",
"19","Chemical","lamivudine","Negative","2","Disease","liver cirrhosis","['Liver cirrhosis']",
"19","Chemical","lamivudine","Correlation","2","Disease","liver cirrhosis","['Liver cirrhosis']",
"19","Chemical","lamivudine","Negative","3","Disease","hepatocellular carcinoma","['Hepatocellular Carcinoma']",
"19","Chemical","lamivudine","Correlation","3","Disease","hepatocellular carcinoma","['Hepatocellular Carcinoma']",
"709","Genetic","p53","Association","711","Disease","Hepatocellular carcinoma",,
"722","Genetic","miR-106b","Association","263","Disease","tumor",,
"722","Genetic","miR-106b","Association","486","Disease","Tumor","['tumor']",
"722","Genetic","miR-106b","Association","3","Disease","hepatocellular carcinoma","['Hepatocellular Carcinoma']",
"723","Genetic","apolipoprotein B","Association","711","Disease","Hepatocellular carcinoma",,
"724","Genetic","RNAs","Association","3","Disease","hepatocellular carcinoma","['Hepatocellular Carcinoma']",
"725","Chemical","Bulevirtide","Negative","726","Disease","chronic viral hepatitis",,
"725","Chemical","Bulevirtide","Correlation","726","Disease","chronic viral hepatitis",,
"727","Genetic","Hepatitis B virus X protein","Association","204","Disease","liver cancer","['Liver Cancer']",
"727","Genetic","Hepatitis B virus X protein","Association","3","Disease","hepatocellular carcinoma","['Hepatocellular Carcinoma']",
"728","Genetic","farsenoid X receptor","Association","3","Disease","hepatocellular carcinoma","['Hepatocellular Carcinoma']",
"729","Genetic","miR-125","Association","3","Disease","hepatocellular carcinoma","['Hepatocellular Carcinoma']",
"730","Genetic","microRNAs","Association","3","Disease","hepatocellular carcinoma","['Hepatocellular Carcinoma']",
"731","Genetic","miR-122","Association","3","Disease","hepatocellular carcinoma","['Hepatocellular Carcinoma']",
"60","Genetic","HBx","Association","41","Disease","death",,
"60","Genetic","HBx","Association","711","Disease","Hepatocellular carcinoma",,
"732","Genetic","Mst","Association","733","Disease","carcinogenesis",,
"734","Variant","rs6940552","Positive","3","Disease","hepatocellular carcinoma","['Hepatocellular Carcinoma']",
"734","Variant","rs6940552","Correlation","3","Disease","hepatocellular carcinoma","['Hepatocellular Carcinoma']",
"735","Genetic","ZNRD1-AS1","Association","3","Disease","hepatocellular carcinoma","['Hepatocellular Carcinoma']",
"736","Genetic","C30","Association","3","Disease","hepatocellular carcinoma","['Hepatocellular Carcinoma']",
"737","Genetic","farnesoid X receptor","Association","713","Disease","hepatocarcinogenesis",,
"737","Genetic","farnesoid X receptor","Association","3","Disease","hepatocellular carcinoma","['Hepatocellular Carcinoma']",
"738","Genetic","HBxAg","Association","3","Disease","hepatocellular carcinoma","['Hepatocellular Carcinoma']",
"739","Genetic","ARFIP2","Association","3","Disease","hepatocellular carcinoma","['Hepatocellular Carcinoma']",
"740","Variant","R122 K","Association","3","Disease","hepatocellular carcinoma","['Hepatocellular Carcinoma']",
"741","Genetic","reverse transcriptase","Association","3","Disease","hepatocellular carcinoma","['Hepatocellular Carcinoma']",
"742","Genetic","miR-802","Association","3","Disease","hepatocellular carcinoma","['Hepatocellular Carcinoma']",
"743","Genetic","SMARCE1","Association","3","Disease","hepatocellular carcinoma","['Hepatocellular Carcinoma']",
"744","Genetic","MicroRNAs","Association","3","Disease","hepatocellular carcinoma","['Hepatocellular Carcinoma']",
"745","Genetic","CIITA","Association","3","Disease","hepatocellular carcinoma","['Hepatocellular Carcinoma']",
"746","Genetic","B7-H4","Association","3","Disease","hepatocellular carcinoma","['Hepatocellular Carcinoma']",
"747","Genetic","SPHK1","Association","205","Disease","cancer","['Cancer']",
"747","Genetic","SPHK1","Association","3","Disease","hepatocellular carcinoma","['Hepatocellular Carcinoma']",
"747","Genetic","SPHK1","Association","748","Disease","cancers",,
"749","Genetic","Sphingosine kinase 1","Association","205","Disease","cancer","['Cancer']",
"749","Genetic","Sphingosine kinase 1","Association","3","Disease","hepatocellular carcinoma","['Hepatocellular Carcinoma']",
"749","Genetic","Sphingosine kinase 1","Association","748","Disease","cancers",,
"750","Genetic","GRP78","Association","713","Disease","hepatocarcinogenesis",,
"9","Genetic","HBsAg","Association","713","Disease","hepatocarcinogenesis",,
"709","Genetic","p53","Association","751","Disease","hepatocellular carcinomas",,
"752","Genetic","XAP-1","Association","3","Disease","hepatocellular carcinoma","['Hepatocellular Carcinoma']",
"752","Genetic","XAP-1","Association","263","Disease","tumor",,
"752","Genetic","XAP-1","Association","486","Disease","Tumor","['tumor']",
"709","Genetic","p53","Association","263","Disease","tumor",,
"709","Genetic","p53","Association","486","Disease","Tumor","['tumor']",
"752","Genetic","XAP-1","Association","751","Disease","hepatocellular carcinomas",,
"753","Genetic","precore","Association","3","Disease","hepatocellular carcinoma","['Hepatocellular Carcinoma']",
"754","Genetic","coronin 1A","Association","755","Disease","hepatitis B virus‑associated hepatocellular carcinoma",,
"756","Genetic","m6A","Association","733","Disease","carcinogenesis",,
"60","Genetic","HBx","Association","713","Disease","hepatocarcinogenesis",,
"757","Genetic","Hepatitis Surface Antigen","Association","3","Disease","hepatocellular carcinoma","['Hepatocellular Carcinoma']",
"758","Genetic","DNA","Association","3","Disease","hepatocellular carcinoma","['Hepatocellular Carcinoma']",
"730","Genetic","microRNAs","Association","713","Disease","hepatocarcinogenesis",,
"759","Chemical","Alcohol","Positive","3","Disease","hepatocellular carcinoma","['Hepatocellular Carcinoma']",
"759","Chemical","Alcohol","Correlation","3","Disease","hepatocellular carcinoma","['Hepatocellular Carcinoma']",
"760","Genetic","interleukin-18","Association","2","Disease","liver cirrhosis","['Liver cirrhosis']",
"760","Genetic","interleukin-18","Association","3","Disease","hepatocellular carcinoma","['Hepatocellular Carcinoma']",
"761","Genetic","Aflatoxin-B1","Association","3","Disease","hepatocellular carcinoma","['Hepatocellular Carcinoma']",
"738","Genetic","HBxAg","Association","711","Disease","Hepatocellular carcinoma",,
"714","Genetic","hepatitis B virus","Association","711","Disease","Hepatocellular carcinoma",,
"762","Genetic","hepatitis B","Association","711","Disease","Hepatocellular carcinoma",,
"763","Genetic","Helicobacter pylori","Association","3","Disease","hepatocellular carcinoma","['Hepatocellular Carcinoma']",
"764","Genetic","HBV-X","Association","3","Disease","hepatocellular carcinoma","['Hepatocellular Carcinoma']",
"209","Chemical","alcohol","Positive","3","Disease","hepatocellular carcinoma","['Hepatocellular Carcinoma']",
"209","Chemical","alcohol","Correlation","3","Disease","hepatocellular carcinoma","['Hepatocellular Carcinoma']",
"765","Genetic","VP22","Association","766","Disease","Hepatitis Bvrus",,
"767","Genetic","Sirtuin 2","Association","713","Disease","hepatocarcinogenesis",,
"768","Genetic","SIRT2","Association","713","Disease","hepatocarcinogenesis",,
"769","Genetic","HBV","Association","3","Disease","hepatocellular carcinoma","['Hepatocellular Carcinoma']",
"770","Genetic","fibroblast growth factor receptors","Association","3","Disease","hepatocellular carcinoma","['Hepatocellular Carcinoma']",
"771","Genetic","methylenetetrahydrofolate reductase","Association","0","Disease","HBV infection","['HBV Infection']",
"771","Genetic","methylenetetrahydrofolate reductase","Association","3","Disease","hepatocellular carcinoma","['Hepatocellular Carcinoma']",
"772","Genetic","BAMBI","Association","263","Disease","tumor",,
"772","Genetic","BAMBI","Association","486","Disease","Tumor","['tumor']",
"772","Genetic","BAMBI","Association","3","Disease","hepatocellular carcinoma","['Hepatocellular Carcinoma']",
"773","Genetic","β-catenin","Association","3","Disease","hepatocellular carcinoma","['Hepatocellular Carcinoma']",
"774","Genetic","miR-221","Association","205","Disease","cancer","['Cancer']",
"774","Genetic","miR-221","Association","3","Disease","hepatocellular carcinoma","['Hepatocellular Carcinoma']",
"775","Genetic","DNA methyl-transferase","Association","713","Disease","hepatocarcinogenesis",,
"776","Genetic","hepatitis B virus X protein","Association","713","Disease","hepatocarcinogenesis",,
"775","Genetic","DNA methyl-transferase","Association","263","Disease","tumor",,
"775","Genetic","DNA methyl-transferase","Association","486","Disease","Tumor","['tumor']",
"777","Genetic","androgen receptor","Association","713","Disease","hepatocarcinogenesis",,
"778","Genetic","glutathione-S-transferases","Association","3","Disease","hepatocellular carcinoma","['Hepatocellular Carcinoma']",
"778","Genetic","glutathione-S-transferases","Association","39","Disease","cirrhosis",,
"779","Genetic","JX-594","Association","3","Disease","hepatocellular carcinoma","['Hepatocellular Carcinoma']",
"54","Genetic","HBcAg","Association","780","Disease","Fibrolamellar carcinoma",,
"54","Genetic","HBcAg","Association","3","Disease","hepatocellular carcinoma","['Hepatocellular Carcinoma']",
"54","Genetic","HBcAg","Association","713","Disease","hepatocarcinogenesis",,
"781","Genetic","Programmed cell death protein-1","Association","5","Disease","hepatitis","['Hepatitis']",
"782","Genetic","peroxiredoxin 2","Association","711","Disease","Hepatocellular carcinoma",,
"709","Genetic","p53","Association","783","Disease","hepatoma",,
"709","Genetic","p53","Association","784","Disease","hepatocarcinoma",,
"785","Genetic","Hepatitis B virus","Association","786","Disease","hepatocellular caracinoma",,
"787","Genetic","IGF-II","Association","3","Disease","hepatocellular carcinoma","['Hepatocellular Carcinoma']",
"788","Genetic","core protein","Association","3","Disease","hepatocellular carcinoma","['Hepatocellular Carcinoma']",
"789","Genetic","HBV core protein","Association","3","Disease","hepatocellular carcinoma","['Hepatocellular Carcinoma']",
"790","Chemical","prostaglandin E","Negative","1184","Disease","Hepatitis B","['hepatitis B','hepatitis b']",
"790","Chemical","prostaglandin E","Correlation","1184","Disease","Hepatitis B","['hepatitis B','hepatitis b']",
"791","Chemical","famciclovir","Negative","1184","Disease","Hepatitis B","['hepatitis B','hepatitis b']",
"791","Chemical","famciclovir","Correlation","1184","Disease","Hepatitis B","['hepatitis B','hepatitis b']",
"792","Genetic","Sirtuin 1","Association","263","Disease","tumor",,
"792","Genetic","Sirtuin 1","Association","486","Disease","Tumor","['tumor']",
"792","Genetic","Sirtuin 1","Association","205","Disease","cancer","['Cancer']",
"792","Genetic","Sirtuin 1","Association","711","Disease","Hepatocellular carcinoma",,
"793","Genetic","miR-449a","Association","3","Disease","hepatocellular carcinoma","['Hepatocellular Carcinoma']",
"794","Genetic","CREB5","Association","3","Disease","hepatocellular carcinoma","['Hepatocellular Carcinoma']",
"795","Genetic","HBV entry receptor","Association","3","Disease","hepatocellular carcinoma","['Hepatocellular Carcinoma']",
"796","Chemical","nH115a","Negative","797","Genetic","nuclear factor kappa-B",,
"796","Chemical","nH115a","Correlation","797","Genetic","nuclear factor kappa-B",,
"798","Genetic","Apolipoprotein E","Association","2","Disease","liver cirrhosis","['Liver cirrhosis']",
"799","Genetic","VEGF","Association","3","Disease","hepatocellular carcinoma","['Hepatocellular Carcinoma']",
"799","Genetic","VEGF","Association","279","Disease","tumors",,
"800","Genetic","MUC16","Association","3","Disease","hepatocellular carcinoma","['Hepatocellular Carcinoma']",
"801","Genetic","TP53","Association","3","Disease","hepatocellular carcinoma","['Hepatocellular Carcinoma']",
"802","Genetic","NF-κB","Association","3","Disease","hepatocellular carcinoma","['Hepatocellular Carcinoma']",
"803","Genetic","RPS3a","Association","3","Disease","hepatocellular carcinoma","['Hepatocellular Carcinoma']",
"804","Genetic","ZBTB20","Association","805","Disease","tumour",,
"804","Genetic","ZBTB20","Association","3","Disease","hepatocellular carcinoma","['Hepatocellular Carcinoma']",
"806","Genetic","p16","Association","3","Disease","hepatocellular carcinoma","['Hepatocellular Carcinoma']",
"753","Genetic","precore","Association","31","Disease","chronic hepatitis B",,
"753","Genetic","precore","Association","1184","Disease","Hepatitis B","['hepatitis B','hepatitis b']",
"807","Chemical","metformin","Negative","263","Disease","tumor",,
"807","Chemical","metformin","Negative","486","Disease","Tumor","['tumor']",
"807","Chemical","metformin","Correlation","263","Disease","tumor",,
"807","Chemical","metformin","Correlation","486","Disease","Tumor","['tumor']",
"808","Genetic","HULC","Association","263","Disease","tumor",,
"808","Genetic","HULC","Association","486","Disease","Tumor","['tumor']",
"807","Chemical","metformin","Negative","809","Disease","tumorigenesis",,
"807","Chemical","metformin","Correlation","809","Disease","tumorigenesis",,
"810","Genetic","aquaporin 5","Association","263","Disease","tumor",,
"810","Genetic","aquaporin 5","Association","486","Disease","Tumor","['tumor']",
"811","Genetic","Hsp70-interacting protein","Association","3","Disease","hepatocellular carcinoma","['Hepatocellular Carcinoma']",
"812","Genetic","lymphotoxin","Association","3","Disease","hepatocellular carcinoma","['Hepatocellular Carcinoma']",
"813","Genetic","EpCAM","Association","3","Disease","hepatocellular carcinoma","['Hepatocellular Carcinoma']",
"814","Genetic","CK19","Association","3","Disease","hepatocellular carcinoma","['Hepatocellular Carcinoma']",
"815","Genetic","Na+-taurocholate cotransporting polypeptide","Association","816","Chemical","nucleoside/nucleotide analogs",,
"817","Genetic","Metadherin","Association","205","Disease","cancer","['Cancer']",
"817","Genetic","Metadherin","Association","3","Disease","hepatocellular carcinoma","['Hepatocellular Carcinoma']",
"818","Genetic","HBV X protein","Association","3","Disease","hepatocellular carcinoma","['Hepatocellular Carcinoma']",
"819","Genetic","alpha fetoprotein","Association","3","Disease","hepatocellular carcinoma","['Hepatocellular Carcinoma']",
"328","Genetic","hepatitis B surface antigen","Association","3","Disease","hepatocellular carcinoma","['Hepatocellular Carcinoma']",
"820","Genetic","osteopontin","Association","3","Disease","hepatocellular carcinoma","['Hepatocellular Carcinoma']",
"821","Genetic","miRNA93","Association","3","Disease","hepatocellular carcinoma","['Hepatocellular Carcinoma']",
"822","Genetic","telomerase","Association","3","Disease","hepatocellular carcinoma","['Hepatocellular Carcinoma']",
"823","Variant","rs398652","Positive","3","Disease","hepatocellular carcinoma","['Hepatocellular Carcinoma']",
"823","Variant","rs398652","Correlation","3","Disease","hepatocellular carcinoma","['Hepatocellular Carcinoma']",
"824","Genetic","vitamin D receptor","Association","3","Disease","hepatocellular carcinoma","['Hepatocellular Carcinoma']",
"709","Genetic","p53","Association","825","Disease","chronic HBV infections",,
"826","Genetic","microRNA-15b","Association","3","Disease","hepatocellular carcinoma","['Hepatocellular Carcinoma']",
"827","Genetic","Globo H","Association","3","Disease","hepatocellular carcinoma","['Hepatocellular Carcinoma']",
"828","Genetic","FUT2","Association","3","Disease","hepatocellular carcinoma","['Hepatocellular Carcinoma']",
"829","Genetic","miR-15b","Association","3","Disease","hepatocellular carcinoma","['Hepatocellular Carcinoma']",
"830","Genetic","fucosyltransferase 2","Association","3","Disease","hepatocellular carcinoma","['Hepatocellular Carcinoma']",
"831","Disease","Chronic hepatitis B virus infection","Association","832","Genetic","ATF6",,
"833","Genetic","XRCC4","Association","205","Disease","cancer","['Cancer']",
"833","Genetic","XRCC4","Association","3","Disease","hepatocellular carcinoma","['Hepatocellular Carcinoma']",
"834","Genetic","MLL4","Association","711","Disease","Hepatocellular carcinoma",,
"689","Genetic","alpha-fetoprotein","Association","3","Disease","hepatocellular carcinoma","['Hepatocellular Carcinoma']",
"835","Genetic","N-ras","Association","733","Disease","carcinogenesis",,
"836","Disease","Tumour","Association","837","Genetic","c-Jun",,
"805","Disease","tumour","Association","837","Genetic","c-Jun",,
"838","Genetic","WNK2","Association","3","Disease","hepatocellular carcinoma","['Hepatocellular Carcinoma']",
"839","Genetic","TRIM58","Association","3","Disease","hepatocellular carcinoma","['Hepatocellular Carcinoma']",
"840","Genetic","CD24","Association","711","Disease","Hepatocellular carcinoma",,
"841","Genetic","preS1","Association","204","Disease","liver cancer","['Liver Cancer']",
"841","Genetic","preS1","Association","3","Disease","hepatocellular carcinoma","['Hepatocellular Carcinoma']",
"842","Genetic","insulin-like growth factor II","Association","3","Disease","hepatocellular carcinoma","['Hepatocellular Carcinoma']",
"117","Genetic","FAK","Association","3","Disease","hepatocellular carcinoma","['Hepatocellular Carcinoma']",
"843","Genetic","signal transducers and activators of transcription 5","Association","3","Disease","hepatocellular carcinoma","['Hepatocellular Carcinoma']",
"843","Genetic","signal transducers and activators of transcription 5","Association","263","Disease","tumor",,
"843","Genetic","signal transducers and activators of transcription 5","Association","486","Disease","Tumor","['tumor']",
"844","Genetic","NKG2D","Association","279","Disease","tumors",,
"844","Genetic","NKG2D","Association","31","Disease","chronic hepatitis B",,
"844","Genetic","NKG2D","Association","3","Disease","hepatocellular carcinoma","['Hepatocellular Carcinoma']",
"845","Genetic","SOCS3","Association","0","Disease","HBV infection","['HBV Infection']",
"845","Genetic","SOCS3","Association","263","Disease","tumor",,
"845","Genetic","SOCS3","Association","486","Disease","Tumor","['tumor']",
"845","Genetic","SOCS3","Association","3","Disease","hepatocellular carcinoma","['Hepatocellular Carcinoma']",
"846","Genetic","miR-328-3p","Association","347","Disease","liver failure","['Liver failure']",
"847","Chemical","nucleot(s)ide analogues","Negative","3","Disease","hepatocellular carcinoma","['Hepatocellular Carcinoma']",
"847","Chemical","nucleot(s)ide analogues","Correlation","3","Disease","hepatocellular carcinoma","['Hepatocellular Carcinoma']",
"848","Genetic","beta-catenin","Association","3","Disease","hepatocellular carcinoma","['Hepatocellular Carcinoma']",
"849","Genetic","colony stimulating factor 1 receptor","Association","3","Disease","hepatocellular carcinoma","['Hepatocellular Carcinoma']",
"850","Genetic","MARCH5","Association","3","Disease","hepatocellular carcinoma","['Hepatocellular Carcinoma']",
"850","Genetic","MARCH5","Association","30","Disease","liver disease","['Liver Disease']",
"850","Genetic","MARCH5","Association","362","Disease","chronic liver disease",,
"851","Genetic","IL-18","Association","345","Disease","Chronic infection",,
"852","Genetic","IL-12","Association","3","Disease","hepatocellular carcinoma","['Hepatocellular Carcinoma']",
"852","Genetic","IL-12","Association","853","Disease","hepatic cancers",,
"852","Genetic","IL-12","Association","39","Disease","cirrhosis",,
"854","Genetic","IL12","Association","855","Disease","viral infections",,
"856","Genetic","microRNA-1271","Association","711","Disease","Hepatocellular carcinoma",,
"832","Genetic","ATF6","Association","3","Disease","hepatocellular carcinoma","['Hepatocellular Carcinoma']",
"857","Variant","rs2070150","Association","31","Disease","chronic hepatitis B",,
"832","Genetic","ATF6","Association","31","Disease","chronic hepatitis B",,
"858","Disease","primary hepatocellular carcinoma","Association","859","Genetic","hepatitis B virus surface antigen",,
"860","Genetic","Pten","Association","3","Disease","hepatocellular carcinoma","['Hepatocellular Carcinoma']",
"861","Genetic","transforming growth factor β","Association","3","Disease","hepatocellular carcinoma","['Hepatocellular Carcinoma']",
"862","Genetic","IL28B","Association","3","Disease","hepatocellular carcinoma","['Hepatocellular Carcinoma']",
"862","Genetic","IL28B","Association","863","Disease","hepatic cirrhosis",,
"188","Chemical","sorafenib","Negative","711","Disease","Hepatocellular carcinoma",,"['Sorafenib']"
"188","Chemical","sorafenib","Correlation","711","Disease","Hepatocellular carcinoma",,"['Sorafenib']"
"864","Genetic","midkine","Association","3","Disease","hepatocellular carcinoma","['Hepatocellular Carcinoma']",
"865","Genetic","p53AIP1","Association","3","Disease","hepatocellular carcinoma","['Hepatocellular Carcinoma']",
"866","Genetic","miR-375","Association","3","Disease","hepatocellular carcinoma","['Hepatocellular Carcinoma']",
"867","Genetic","miR-92a","Association","3","Disease","hepatocellular carcinoma","['Hepatocellular Carcinoma']",
"724","Genetic","RNAs","Association","205","Disease","cancer","['Cancer']",
"709","Genetic","p53","Association","205","Disease","cancer","['Cancer']",
"868","Genetic","Pre-S deleted proteins","Association","711","Disease","Hepatocellular carcinoma",,
"869","Genetic","Interleukin-8","Association","3","Disease","hepatocellular carcinoma","['Hepatocellular Carcinoma']",
"870","Genetic","CTL","Association","30","Disease","liver disease","['Liver Disease']",
"871","Chemical","ara-arabinoside monophosphate","Comparison","872","Chemical","ganciclovir",,
"873","Genetic","COX-2","Association","3","Disease","hepatocellular carcinoma","['Hepatocellular Carcinoma']",
"873","Genetic","COX-2","Association","874","Disease","metastasis",,
"875","Genetic","cyclooxygenase-2","Association","3","Disease","hepatocellular carcinoma","['Hepatocellular Carcinoma']",
"876","Chemical","celecoxib","Negative","3","Disease","hepatocellular carcinoma","['Hepatocellular Carcinoma']",
"876","Chemical","celecoxib","Correlation","3","Disease","hepatocellular carcinoma","['Hepatocellular Carcinoma']",
"877","Genetic","miR-145","Association","263","Disease","tumor",,
"877","Genetic","miR-145","Association","486","Disease","Tumor","['tumor']",
"877","Genetic","miR-145","Association","733","Disease","carcinogenesis",,
"878","Genetic","T cell receptor","Association","711","Disease","Hepatocellular carcinoma",,
"878","Genetic","T cell receptor","Association","263","Disease","tumor",,
"878","Genetic","T cell receptor","Association","486","Disease","Tumor","['tumor']",
"879","Genetic","URI1","Association","263","Disease","tumor",,
"879","Genetic","URI1","Association","486","Disease","Tumor","['tumor']",
"879","Genetic","URI1","Association","3","Disease","hepatocellular carcinoma","['Hepatocellular Carcinoma']",
"880","Genetic","DNA methyltransferase","Association","3","Disease","hepatocellular carcinoma","['Hepatocellular Carcinoma']",
"566","Disease","psoriasis","Negative","881","Chemical","acitretin",,
"566","Disease","psoriasis","Correlation","881","Chemical","acitretin",,
"566","Disease","psoriasis","Negative","882","Chemical","methotrexate",,
"566","Disease","psoriasis","Correlation","882","Chemical","methotrexate",,
"883","Genetic","reverse-transcriptase","Association","3","Disease","hepatocellular carcinoma","['Hepatocellular Carcinoma']",
"884","Chemical","nucleos(t)ide analogs","Negative","31","Disease","chronic hepatitis B",,
"884","Chemical","nucleos(t)ide analogs","Correlation","31","Disease","chronic hepatitis B",,
"885","Genetic","MiR-122","Association","886","Disease","benign liver disease",,
"885","Genetic","MiR-122","Association","708","Disease","hepatocellular cancer",,
"887","Genetic","Toll-like receptor 3","Association","711","Disease","Hepatocellular carcinoma",,
"888","Genetic","long noncoding RNAs","Association","711","Disease","Hepatocellular carcinoma",,
"889","Genetic","miR-374b/421","Association","3","Disease","hepatocellular carcinoma","['Hepatocellular Carcinoma']",
"890","Genetic","Ftx","Association","263","Disease","tumor",,
"890","Genetic","Ftx","Association","486","Disease","Tumor","['tumor']",
"890","Genetic","Ftx","Association","3","Disease","hepatocellular carcinoma","['Hepatocellular Carcinoma']",
"813","Genetic","EpCAM","Association","751","Disease","hepatocellular carcinomas",,
"813","Genetic","EpCAM","Association","891","Disease","liver tumors",,
"892","Genetic","SELENBP1","Association","205","Disease","cancer","['Cancer']",
"892","Genetic","SELENBP1","Association","3","Disease","hepatocellular carcinoma","['Hepatocellular Carcinoma']",
"893","Genetic","CEACAM1","Association","894","Disease","portal vein invasion",,
"893","Genetic","CEACAM1","Association","3","Disease","hepatocellular carcinoma","['Hepatocellular Carcinoma']",
"895","Genetic","Alpha-fetoprotein","Association","3","Disease","hepatocellular carcinoma","['Hepatocellular Carcinoma']",
"896","Genetic","MALAT1","Association","3","Disease","hepatocellular carcinoma","['Hepatocellular Carcinoma']",
"896","Genetic","MALAT1","Association","204","Disease","liver cancer","['Liver Cancer']",
"897","Chemical","Short chain fatty acids","Association","898","Disease","Chronic infection with hepatitis B virus",,
"899","Genetic","ESPL1","Association","31","Disease","chronic hepatitis B",,
"899","Genetic","ESPL1","Association","900","Disease","chronic HBV-infection",,
"899","Genetic","ESPL1","Association","3","Disease","hepatocellular carcinoma","['Hepatocellular Carcinoma']",
"901","Variant","F141L","Association","3","Disease","hepatocellular carcinoma","['Hepatocellular Carcinoma']",
"902","Genetic","HB protein","Association","3","Disease","hepatocellular carcinoma","['Hepatocellular Carcinoma']",
"769","Genetic","HBV","Association","903","Disease","hepatic malignancy",,
"862","Genetic","IL28B","Association","31","Disease","chronic hepatitis B",,
"904","Genetic","CCR4","Association","3","Disease","hepatocellular carcinoma","['Hepatocellular Carcinoma']",
"905","Genetic","haptoglobin","Association","3","Disease","hepatocellular carcinoma","['Hepatocellular Carcinoma']",
"905","Genetic","haptoglobin","Association","2","Disease","liver cirrhosis","['Liver cirrhosis']",
"905","Genetic","haptoglobin","Association","906","Disease","pancreatic cancer",,
"905","Genetic","haptoglobin","Association","704","Disease","breast cancer",,
"907","Genetic","IL-4","Association","3","Disease","hepatocellular carcinoma","['Hepatocellular Carcinoma']",
"878","Genetic","T cell receptor","Association","3","Disease","hepatocellular carcinoma","['Hepatocellular Carcinoma']",
"908","Chemical","Nucleos(t)ide analogues","Negative","31","Disease","chronic hepatitis B",,
"908","Chemical","Nucleos(t)ide analogues","Correlation","31","Disease","chronic hepatitis B",,
"852","Genetic","IL-12","Association","31","Disease","chronic hepatitis B",,
"909","Genetic","tumor necrosis factor alpha","Association","910","Disease","chronic HBV infection",,
"909","Genetic","tumor necrosis factor alpha","Association","3","Disease","hepatocellular carcinoma","['Hepatocellular Carcinoma']",
"911","Genetic","P16","Association","205","Disease","cancer","['Cancer']",
"912","Chemical","lonafarnib","Negative","913","Disease","liver fibrosis",,
"912","Chemical","lonafarnib","Correlation","913","Disease","liver fibrosis",,
"914","Chemical","myrcludex B","Negative","913","Disease","liver fibrosis",,
"914","Chemical","myrcludex B","Correlation","913","Disease","liver fibrosis",,
"915","Genetic","MiR-22","Association","205","Disease","cancer","['Cancer']",
"915","Genetic","MiR-22","Association","3","Disease","hepatocellular carcinoma","['Hepatocellular Carcinoma']",
"915","Genetic","MiR-22","Association","748","Disease","cancers",,
"915","Genetic","MiR-22","Association","263","Disease","tumor",,
"915","Genetic","MiR-22","Association","486","Disease","Tumor","['tumor']",
"916","Genetic","Hepcidin","Association","31","Disease","chronic hepatitis B",,
"916","Genetic","Hepcidin","Association","917","Disease","hepatocelluar carcinoma",,
"916","Genetic","Hepcidin","Association","574","Disease","hepatitis B infection",,
"918","Genetic","SH2D5","Association","3","Disease","hepatocellular carcinoma","['Hepatocellular Carcinoma']",
"919","Genetic","SH2 domain-containing 5 (SH2D5","Association","3","Disease","hepatocellular carcinoma","['Hepatocellular Carcinoma']",
"920","Genetic","PreS1","Association","3","Disease","hepatocellular carcinoma","['Hepatocellular Carcinoma']",
"920","Genetic","PreS1","Positive","921","Genetic","CD133",,
"920","Genetic","PreS1","Correlation","921","Genetic","CD133",,
"922","Genetic","Sox2","Association","3","Disease","hepatocellular carcinoma","['Hepatocellular Carcinoma']",
"920","Genetic","PreS1","Association","923","Disease","tumorigeneses",,
"924","Genetic","Klf4","Association","3","Disease","hepatocellular carcinoma","['Hepatocellular Carcinoma']",
"84","Genetic","P53","Association","3","Disease","hepatocellular carcinoma","['Hepatocellular Carcinoma']",
"84","Genetic","P53","Association","713","Disease","hepatocarcinogenesis",,
"724","Genetic","RNAs","Association","711","Disease","Hepatocellular carcinoma",,
"925","Genetic","Long noncoding RNAs","Association","711","Disease","Hepatocellular carcinoma",,
"762","Genetic","hepatitis B","Association","3","Disease","hepatocellular carcinoma","['Hepatocellular Carcinoma']",
"913","Disease","liver fibrosis","Association","926","Variant","G1764A",,
"927","Genetic","EHMT2","Association","3","Disease","hepatocellular carcinoma","['Hepatocellular Carcinoma']",
"928","Genetic","HLA class II","Association","3","Disease","hepatocellular carcinoma","['Hepatocellular Carcinoma']",
"929","Genetic","UBE2L3","Association","3","Disease","hepatocellular carcinoma","['Hepatocellular Carcinoma']",
"930","Genetic","STAT4","Association","3","Disease","hepatocellular carcinoma","['Hepatocellular Carcinoma']",
"931","Genetic","TCF19","Association","3","Disease","hepatocellular carcinoma","['Hepatocellular Carcinoma']",
"932","Genetic","IL-22","Association","933","Disease","chronic liver diseases",,
"932","Genetic","IL-22","Association","692","Disease","cirrhotic",,
"932","Genetic","IL-22","Association","934","Genetic","AKT",,
"935","Genetic","IL-17A","Association","933","Disease","chronic liver diseases",,
"932","Genetic","IL-22","Association","31","Disease","chronic hepatitis B",,
"932","Genetic","IL-22","Association","3","Disease","hepatocellular carcinoma","['Hepatocellular Carcinoma']",
"935","Genetic","IL-17A","Association","3","Disease","hepatocellular carcinoma","['Hepatocellular Carcinoma']",
"936","Variant","miR-149C>T","Association","205","Disease","cancer","['Cancer']",
"801","Genetic","TP53","Association","205","Disease","cancer","['Cancer']",
"801","Genetic","TP53","Association","748","Disease","cancers",,
"937","Genetic","CTNNB1","Association","711","Disease","Hepatocellular carcinoma",,
"801","Genetic","TP53","Association","711","Disease","Hepatocellular carcinoma",,
"801","Genetic","TP53","Association","263","Disease","tumor",,
"801","Genetic","TP53","Association","486","Disease","Tumor","['tumor']",
"938","Genetic","S","Association","3","Disease","hepatocellular carcinoma","['Hepatocellular Carcinoma']",
"711","Disease","Hepatocellular carcinoma","Association","709","Genetic","p53",,
"939","Genetic","GDF15","Association","3","Disease","hepatocellular carcinoma","['Hepatocellular Carcinoma']",
"940","Variant","rs7756516","Association","3","Disease","hepatocellular carcinoma","['Hepatocellular Carcinoma']",
"941","Variant","rs477515","Association","3","Disease","hepatocellular carcinoma","['Hepatocellular Carcinoma']",
"942","Genetic","Transforming growth factor-beta","Association","3","Disease","hepatocellular carcinoma","['Hepatocellular Carcinoma']",
"943","Genetic","TGF-beta1","Association","3","Disease","hepatocellular carcinoma","['Hepatocellular Carcinoma']",
"943","Genetic","TGF-beta1","Association","205","Disease","cancer","['Cancer']",
"944","Genetic","IFN-λ1","Association","1184","Disease","Hepatitis B","['hepatitis B','hepatitis b']",
"944","Genetic","IFN-λ1","Association","3","Disease","hepatocellular carcinoma","['Hepatocellular Carcinoma']",
"945","Genetic","Interferon lambda","Association","1184","Disease","Hepatitis B","['hepatitis B','hepatitis b']",
"945","Genetic","Interferon lambda","Association","3","Disease","hepatocellular carcinoma","['Hepatocellular Carcinoma']",
"946","Genetic","ELF4","Association","279","Disease","tumors",,
"947","Genetic","telomerase reverse transcriptase","Association","3","Disease","hepatocellular carcinoma","['Hepatocellular Carcinoma']",
"946","Genetic","ELF4","Association","3","Disease","hepatocellular carcinoma","['Hepatocellular Carcinoma']",
"947","Genetic","telomerase reverse transcriptase","Association","279","Disease","tumors",,
"948","Genetic","Toll-like receptor 9","Association","855","Disease","viral infections",,
"949","Genetic","TLR9","Association","855","Disease","viral infections",,
"950","Chemical","Lamivudine","Negative","951","Disease","lmphoma",,
"950","Chemical","Lamivudine","Correlation","951","Disease","lmphoma",,
"952","Genetic","miR-143","Association","3","Disease","hepatocellular carcinoma","['Hepatocellular Carcinoma']",
"953","Genetic","miR-21","Association","3","Disease","hepatocellular carcinoma","['Hepatocellular Carcinoma']",
"954","Genetic","miR-106a","Association","3","Disease","hepatocellular carcinoma","['Hepatocellular Carcinoma']",
"955","Genetic","cyclooxygenese-2","Association","3","Disease","hepatocellular carcinoma","['Hepatocellular Carcinoma']",
"955","Genetic","cyclooxygenese-2","Association","713","Disease","hepatocarcinogenesis",,
"956","Genetic","hepatocystin","Association","1183","Disease","Hepatitis B Virus Infection","['hepatitis B virus infection']",
"956","Genetic","hepatocystin","Association","292","Disease","Hepatitis B Virus","['hepatitis B virus']",
"957","Genetic","Hepatocystin","Association","292","Disease","Hepatitis B Virus","['hepatitis B virus']",
"957","Genetic","Hepatocystin","Association","1183","Disease","Hepatitis B Virus Infection","['hepatitis B virus infection']",
"958","Chemical","S-adenosylmethionine","Negative","3","Disease","hepatocellular carcinoma","['Hepatocellular Carcinoma']",
"958","Chemical","S-adenosylmethionine","Correlation","3","Disease","hepatocellular carcinoma","['Hepatocellular Carcinoma']",
"958","Chemical","S-adenosylmethionine","Positive","252","Genetic","alanine transaminase",,
"958","Chemical","S-adenosylmethionine","Correlation","252","Genetic","alanine transaminase",,
"959","Variant","rs2293152","Positive","3","Disease","hepatocellular carcinoma","['Hepatocellular Carcinoma']",
"959","Variant","rs2293152","Correlation","3","Disease","hepatocellular carcinoma","['Hepatocellular Carcinoma']",
"960","Variant","rs7574865","Association","31","Disease","chronic hepatitis B",,
"961","Genetic","ETV4","Association","962","Disease","liver hepatocellular carcinoma",,
"709","Genetic","p53","Association","713","Disease","hepatocarcinogenesis",,
"709","Genetic","p53","Association","346","Disease","chronic hepatitis",,
"19","Chemical","lamivudine","Negative","263","Disease","tumor",,
"19","Chemical","lamivudine","Negative","486","Disease","Tumor","['tumor']",
"19","Chemical","lamivudine","Correlation","263","Disease","tumor",,
"19","Chemical","lamivudine","Correlation","486","Disease","Tumor","['tumor']",
"19","Chemical","lamivudine","Negative","204","Disease","liver cancer","['Liver Cancer']",
"19","Chemical","lamivudine","Correlation","204","Disease","liver cancer","['Liver Cancer']",
"963","Genetic","immunoinhibitory receptor","Association","3","Disease","hepatocellular carcinoma","['Hepatocellular Carcinoma']",
"964","Genetic","microRNA-122","Association","3","Disease","hepatocellular carcinoma","['Hepatocellular Carcinoma']",
"965","Genetic","basal core promoter","Association","3","Disease","hepatocellular carcinoma","['Hepatocellular Carcinoma']",
"966","Genetic","hTERT","Association","3","Disease","hepatocellular carcinoma","['Hepatocellular Carcinoma']",
"801","Genetic","TP53","Association","713","Disease","hepatocarcinogenesis",,
"967","Genetic","miR-138","Association","3","Disease","hepatocellular carcinoma","['Hepatocellular Carcinoma']",
"968","Genetic","MicroRNA-138","Association","3","Disease","hepatocellular carcinoma","['Hepatocellular Carcinoma']",
"969","Chemical","curcumin","Association","970","Chemical","lipid",,
"971","Genetic","Carboxypeptidase D","Association","972","Disease","malignancy",,
"971","Genetic","Carboxypeptidase D","Association","3","Disease","hepatocellular carcinoma","['Hepatocellular Carcinoma']",
"973","Genetic","microRNA-21","Association","3","Disease","hepatocellular carcinoma","['Hepatocellular Carcinoma']",
"974","Genetic","interleukin-12","Association","3","Disease","hepatocellular carcinoma","['Hepatocellular Carcinoma']",
"950","Chemical","Lamivudine","Association","975","Disease","Chronic hepatitis B",,
"976","Genetic","Hepatitis B virus X","Association","3","Disease","hepatocellular carcinoma","['Hepatocellular Carcinoma']",
"977","Genetic","EZH2","Association","205","Disease","cancer","['Cancer']",
"977","Genetic","EZH2","Association","3","Disease","hepatocellular carcinoma","['Hepatocellular Carcinoma']",
"978","Chemical","Entecavir","Negative","603","Disease","chronic hepatitis B infection",,
"978","Chemical","Entecavir","Correlation","603","Disease","chronic hepatitis B infection",,
"979","Genetic","IGF2AS","Association","3","Disease","hepatocellular carcinoma","['Hepatocellular Carcinoma']",
"980","Genetic","CDC45","Association","3","Disease","hepatocellular carcinoma","['Hepatocellular Carcinoma']",
"981","Variant","Rs11485985","Association","0","Disease","HBV infection","['HBV Infection']",
"982","Genetic","PTPN12","Association","0","Disease","HBV infection","['HBV Infection']",
"982","Genetic","PTPN12","Association","3","Disease","hepatocellular carcinoma","['Hepatocellular Carcinoma']",
"983","Genetic","KIRs","Association","2","Disease","liver cirrhosis","['Liver cirrhosis']",
"983","Genetic","KIRs","Association","3","Disease","hepatocellular carcinoma","['Hepatocellular Carcinoma']",
"984","Genetic","miR-29","Association","3","Disease","hepatocellular carcinoma","['Hepatocellular Carcinoma']",
"731","Genetic","miR-122","Association","204","Disease","liver cancer","['Liver Cancer']",
"731","Genetic","miR-122","Association","30","Disease","liver disease","['Liver Disease']",
"731","Genetic","miR-122","Association","604","Disease","liver damage",,
"731","Genetic","miR-122","Association","913","Disease","liver fibrosis",,
"985","Variant","T1936C","Association","3","Disease","hepatocellular carcinoma","['Hepatocellular Carcinoma']",
"986","Genetic","TAGLN","Association","204","Disease","liver cancer","['Liver Cancer']",
"987","Chemical","JS-K","Negative","204","Disease","liver cancer","['Liver Cancer']",
"987","Chemical","JS-K","Correlation","204","Disease","liver cancer","['Liver Cancer']",
"986","Genetic","TAGLN","Association","279","Disease","tumors",,
"988","Genetic","growth arrest-specific 2","Association","711","Disease","Hepatocellular carcinoma",,
"988","Genetic","growth arrest-specific 2","Association","713","Disease","hepatocarcinogenesis",,
"989","Genetic","OR4F3","Association","3","Disease","hepatocellular carcinoma","['Hepatocellular Carcinoma']",
"975","Disease","Chronic hepatitis B","Negative","990","Chemical","nucleoside analogs",,
"975","Disease","Chronic hepatitis B","Correlation","990","Chemical","nucleoside analogs",,
"991","Genetic","APOBEC2","Association","204","Disease","liver cancer","['Liver Cancer']",
"992","Genetic","activating transcription factor 6","Association","711","Disease","Hepatocellular carcinoma",,
"993","Genetic","JTB","Association","205","Disease","cancer","['Cancer']",
"993","Genetic","JTB","Association","3","Disease","hepatocellular carcinoma","['Hepatocellular Carcinoma']",
"993","Genetic","JTB","Association","263","Disease","tumor",,
"993","Genetic","JTB","Association","486","Disease","Tumor","['tumor']",
"994","Genetic","STAT3","Association","3","Disease","hepatocellular carcinoma","['Hepatocellular Carcinoma']",
"994","Genetic","STAT3","Association","995","Disease","viral load",,
"996","Genetic","HbsAg","Association","3","Disease","hepatocellular carcinoma","['Hepatocellular Carcinoma']",
"996","Genetic","HbsAg","Association","751","Disease","hepatocellular carcinomas",,
"997","Genetic","INTS10","Association","3","Disease","hepatocellular carcinoma","['Hepatocellular Carcinoma']",
"998","Genetic","MIR196A2","Association","704","Disease","breast cancer",,
"998","Genetic","MIR196A2","Association","3","Disease","hepatocellular carcinoma","['Hepatocellular Carcinoma']",
"998","Genetic","MIR196A2","Association","706","Disease","lung cancer",,
"998","Genetic","MIR196A2","Association","263","Disease","tumor",,
"998","Genetic","MIR196A2","Association","486","Disease","Tumor","['tumor']",
"998","Genetic","MIR196A2","Association","999","Disease","lymphatic metastasis",,
"1000","Genetic","leptin receptor","Association","3","Disease","hepatocellular carcinoma","['Hepatocellular Carcinoma']",
"1001","Genetic","interleukin-2","Association","3","Disease","hepatocellular carcinoma","['Hepatocellular Carcinoma']",
"1002","Genetic","G6PD","Association","711","Disease","Hepatocellular carcinoma",,
"1003","Genetic","mucin domain containing molecule 3","Association","3","Disease","hepatocellular carcinoma","['Hepatocellular Carcinoma']",
"1004","Genetic","Programmed cell death protein 1","Association","3","Disease","hepatocellular carcinoma","['Hepatocellular Carcinoma']",
"1005","Genetic","Fas receptor","Association","346","Disease","chronic hepatitis",,
"1006","Genetic","Hepatitis B virus core protein","Association","346","Disease","chronic hepatitis",,
"1007","Genetic","CtBP2","Association","263","Disease","tumor",,
"1007","Genetic","CtBP2","Association","486","Disease","Tumor","['tumor']",
"1008","Genetic","Carboxyl-terminal-binding protein 2","Association","3","Disease","hepatocellular carcinoma","['Hepatocellular Carcinoma']",
"1007","Genetic","CtBP2","Association","3","Disease","hepatocellular carcinoma","['Hepatocellular Carcinoma']",
"975","Disease","Chronic hepatitis B","Negative","23","Chemical","entecavir",,
"975","Disease","Chronic hepatitis B","Correlation","23","Chemical","entecavir",,
"1009","Genetic","STIM1","Association","3","Disease","hepatocellular carcinoma","['Hepatocellular Carcinoma']",
"1010","Chemical","Sphingosine-1-phosphate","Association","3","Disease","hepatocellular carcinoma","['Hepatocellular Carcinoma']",
"1011","Genetic","TIP30","Association","751","Disease","hepatocellular carcinomas",,
"1011","Genetic","TIP30","Association","3","Disease","hepatocellular carcinoma","['Hepatocellular Carcinoma']",
"1012","Genetic","estrogen receptors","Association","1013","Disease","chronic hepatitis B virus",,
"1012","Genetic","estrogen receptors","Association","3","Disease","hepatocellular carcinoma","['Hepatocellular Carcinoma']",
"1012","Genetic","estrogen receptors","Association","31","Disease","chronic hepatitis B",,
"1014","Genetic","Keap1","Association","205","Disease","cancer","['Cancer']",
"1014","Genetic","Keap1","Association","784","Disease","hepatocarcinoma",,
"1015","Genetic","T1653","Association","3","Disease","hepatocellular carcinoma","['Hepatocellular Carcinoma']",
"1016","Genetic","macrophage-stimulating protein α","Association","711","Disease","Hepatocellular carcinoma",,
"1017","Genetic","Hedgehog","Association","3","Disease","hepatocellular carcinoma","['Hepatocellular Carcinoma']",
"1018","Genetic","Gli","Association","3","Disease","hepatocellular carcinoma","['Hepatocellular Carcinoma']",
"1019","Genetic","Gli1","Association","3","Disease","hepatocellular carcinoma","['Hepatocellular Carcinoma']",
"1020","Chemical","Metformin","Negative","31","Disease","chronic hepatitis B",,
"1020","Chemical","Metformin","Correlation","31","Disease","chronic hepatitis B",,
"1020","Chemical","Metformin","Negative","3","Disease","hepatocellular carcinoma","['Hepatocellular Carcinoma']",
"1020","Chemical","Metformin","Correlation","3","Disease","hepatocellular carcinoma","['Hepatocellular Carcinoma']",
"1021","Genetic","Smad3","Association","1022","Disease","hepatocytic fibrocarcinogenesis",,
"1023","Genetic","miR122","Association","711","Disease","Hepatocellular carcinoma",,
"1024","Genetic","hsa-miR122","Association","711","Disease","Hepatocellular carcinoma",,
"709","Genetic","p53","Association","891","Disease","liver tumors",,
"1025","Genetic","ERbeta","Association","279","Disease","tumors",,
"1026","Genetic","Estrogen receptor-alpha","Association","279","Disease","tumors",,
"1025","Genetic","ERbeta","Association","3","Disease","hepatocellular carcinoma","['Hepatocellular Carcinoma']",
"1026","Genetic","Estrogen receptor-alpha","Association","3","Disease","hepatocellular carcinoma","['Hepatocellular Carcinoma']",
"1027","Genetic","estrogen receptor","Association","3","Disease","hepatocellular carcinoma","['Hepatocellular Carcinoma']",
"1028","Genetic","WNT","Association","3","Disease","hepatocellular carcinoma","['Hepatocellular Carcinoma']",
"1029","Genetic","P62","Association","3","Disease","hepatocellular carcinoma","['Hepatocellular Carcinoma']",
"1030","Genetic","mutant hepatitis B virus","Association","3","Disease","hepatocellular carcinoma","['Hepatocellular Carcinoma']",
"1031","Genetic","ZP1","Association","3","Disease","hepatocellular carcinoma","['Hepatocellular Carcinoma']",
"1032","Genetic","BTBD17","Association","3","Disease","hepatocellular carcinoma","['Hepatocellular Carcinoma']",
"1033","Genetic","DAB2IP","Association","3","Disease","hepatocellular carcinoma","['Hepatocellular Carcinoma']",
"188","Chemical","sorafenib","Negative","3","Disease","hepatocellular carcinoma","['Hepatocellular Carcinoma']","['Sorafenib']"
"188","Chemical","sorafenib","Correlation","3","Disease","hepatocellular carcinoma","['Hepatocellular Carcinoma']","['Sorafenib']"
"1034","Genetic","CD31","Association","3","Disease","hepatocellular carcinoma","['Hepatocellular Carcinoma']",
"1035","Genetic","CD34","Association","3","Disease","hepatocellular carcinoma","['Hepatocellular Carcinoma']",
"1036","Genetic","hepatitis B core-related antigen","Association","3","Disease","hepatocellular carcinoma","['Hepatocellular Carcinoma']",
"1036","Genetic","hepatitis B core-related antigen","Association","31","Disease","chronic hepatitis B",,
"23","Chemical","entecavir","Negative","31","Disease","chronic hepatitis B",,
"23","Chemical","entecavir","Correlation","31","Disease","chronic hepatitis B",,
"31","Disease","chronic hepatitis B","Negative","23","Chemical","entecavir",,
"31","Disease","chronic hepatitis B","Correlation","23","Chemical","entecavir",,
"1037","Genetic","ATG12","Association","3","Disease","hepatocellular carcinoma","['Hepatocellular Carcinoma']",
"978","Chemical","Entecavir","Negative","910","Disease","chronic HBV infection",,
"978","Chemical","Entecavir","Correlation","910","Disease","chronic HBV infection",,
"880","Genetic","DNA methyltransferase","Association","751","Disease","hepatocellular carcinomas",,
"880","Genetic","DNA methyltransferase","Association","204","Disease","liver cancer","['Liver Cancer']",
"880","Genetic","DNA methyltransferase","Association","205","Disease","cancer","['Cancer']",
"880","Genetic","DNA methyltransferase","Association","910","Disease","chronic HBV infection",,
"880","Genetic","DNA methyltransferase","Association","263","Disease","tumor",,
"880","Genetic","DNA methyltransferase","Association","486","Disease","Tumor","['tumor']",
"1038","Genetic","Interleukin (IL)-10","Association","1039","Disease","cirrhotics",,
"1038","Genetic","Interleukin (IL)-10","Association","3","Disease","hepatocellular carcinoma","['Hepatocellular Carcinoma']",
"1040","Genetic","TTK","Association","1041","Disease","multifocal hepatocellular carcinoma",,
"750","Genetic","GRP78","Association","3","Disease","hepatocellular carcinoma","['Hepatocellular Carcinoma']",
"1042","Chemical","aflatoxins","Positive","711","Disease","Hepatocellular carcinoma",,
"1042","Chemical","aflatoxins","Correlation","711","Disease","Hepatocellular carcinoma",,
"1043","Genetic","interleukin-6","Association","3","Disease","hepatocellular carcinoma","['Hepatocellular Carcinoma']",
"1043","Genetic","interleukin-6","Association","263","Disease","tumor",,
"1043","Genetic","interleukin-6","Association","486","Disease","Tumor","['tumor']",
"1044","Genetic","mitogen-activated protein kinase","Association","1045","Disease","advanced hepatocellular carcinoma",,
"1046","Genetic","Survivin","Association","748","Disease","cancers",,
"1046","Genetic","Survivin","Association","1047","Disease","hepatocellular carcinogenesis",,
"1048","Genetic","miR-126","Association","3","Disease","hepatocellular carcinoma","['Hepatocellular Carcinoma']",
"1048","Genetic","miR-126","Association","2","Disease","liver cirrhosis","['Liver cirrhosis']",
"1049","Genetic","miR-142-3p","Association","3","Disease","hepatocellular carcinoma","['Hepatocellular Carcinoma']",
"1050","Genetic","TXNIP","Association","3","Disease","hepatocellular carcinoma","['Hepatocellular Carcinoma']",
"1050","Genetic","TXNIP","Association","298","Chemical","glucose",,
"1051","Genetic","Toll-like receptor 4","Association","204","Disease","liver cancer","['Liver Cancer']",
"1052","Genetic","TLR4","Association","204","Disease","liver cancer","['Liver Cancer']",
"434","Disease","diabetes mellitus","Negative","807","Chemical","metformin",,
"434","Disease","diabetes mellitus","Correlation","807","Chemical","metformin",,
"1053","Genetic","TGF alpha","Association","3","Disease","hepatocellular carcinoma","['Hepatocellular Carcinoma']",
"1054","Genetic","gamma-glutamyltransferase","Association","3","Disease","hepatocellular carcinoma","['Hepatocellular Carcinoma']",
"709","Genetic","p53","Association","733","Disease","carcinogenesis",,
"1055","Genetic","aflatoxin B1","Association","3","Disease","hepatocellular carcinoma","['Hepatocellular Carcinoma']",
"1056","Genetic","runt-related transcription factor 3","Association","3","Disease","hepatocellular carcinoma","['Hepatocellular Carcinoma']",
"1057","Genetic","sPD-L1","Association","30","Disease","liver disease","['Liver Disease']",
"1057","Genetic","sPD-L1","Association","0","Disease","HBV infection","['HBV Infection']",
"1057","Genetic","sPD-L1","Association","205","Disease","cancer","['Cancer']",
"1058","Genetic","HBs antigen","Association","3","Disease","hepatocellular carcinoma","['Hepatocellular Carcinoma']",
"1059","Genetic","Glutamine synthetase","Association","3","Disease","hepatocellular carcinoma","['Hepatocellular Carcinoma']",
"709","Genetic","p53","Association","970","Chemical","lipid",,
"1060","Genetic","Gpbar1","Association","3","Disease","hepatocellular carcinoma","['Hepatocellular Carcinoma']",
"1061","Genetic","TGR5","Association","1062","Disease","liver tumor",,
"1061","Genetic","TGR5","Association","31","Disease","chronic hepatitis B",,
"1061","Genetic","TGR5","Association","3","Disease","hepatocellular carcinoma","['Hepatocellular Carcinoma']",
"1063","Genetic","p16INK4A","Association","31","Disease","chronic hepatitis B",,
"1064","Genetic","BAFF-R","Association","3","Disease","hepatocellular carcinoma","['Hepatocellular Carcinoma']",
"1065","Genetic","B cell-activating factor","Association","3","Disease","hepatocellular carcinoma","['Hepatocellular Carcinoma']",
"1066","Genetic","high-mobility group box 1","Association","3","Disease","hepatocellular carcinoma","['Hepatocellular Carcinoma']",
"1067","Genetic","CDK7","Association","3","Disease","hepatocellular carcinoma","['Hepatocellular Carcinoma']",
"1068","Genetic","Interleukin-21","Association","205","Disease","cancer","['Cancer']",
"1068","Genetic","Interleukin-21","Association","3","Disease","hepatocellular carcinoma","['Hepatocellular Carcinoma']",
"1068","Genetic","Interleukin-21","Association","910","Disease","chronic HBV infection",,
"1069","Genetic","miR-371a-5p","Association","711","Disease","Hepatocellular carcinoma",,
"1069","Genetic","miR-371a-5p","Association","874","Disease","metastasis",,
"1070","Genetic","pre-S2","Association","1071","Genetic","Nijmegen breakage syndrome 1",,
"1072","Genetic","S2","Association","1071","Genetic","Nijmegen breakage syndrome 1",,
"1073","Genetic","Telomerase reverse transcriptase","Association","3","Disease","hepatocellular carcinoma","['Hepatocellular Carcinoma']",
"1074","Variant","rs188519172","Association","711","Disease","Hepatocellular carcinoma",,
"1075","Genetic","mircoRNA-224","Association","711","Disease","Hepatocellular carcinoma",,
"1076","Genetic","miR-132","Association","713","Disease","hepatocarcinogenesis",,
"1076","Genetic","miR-132","Association","263","Disease","tumor",,
"1076","Genetic","miR-132","Association","486","Disease","Tumor","['tumor']",
"1076","Genetic","miR-132","Association","3","Disease","hepatocellular carcinoma","['Hepatocellular Carcinoma']",
"201","Chemical","nivolumab","Negative","702","Disease","BCLC",,"['Nivolumab']"
"201","Chemical","nivolumab","Correlation","702","Disease","BCLC",,"['Nivolumab']"
"1077","Genetic","Spindlin1","Association","1078","Disease","Hepatitis B virus infection",,
"1077","Genetic","Spindlin1","Association","3","Disease","hepatocellular carcinoma","['Hepatocellular Carcinoma']",
"1079","Genetic","Suz12","Association","204","Disease","liver cancer","['Liver Cancer']",
"1080","Genetic","DNA methyltransferases","Association","713","Disease","hepatocarcinogenesis",,
"1079","Genetic","Suz12","Association","713","Disease","hepatocarcinogenesis",,
"1081","Genetic","Znf198","Association","204","Disease","liver cancer","['Liver Cancer']",
"1080","Genetic","DNA methyltransferases","Association","204","Disease","liver cancer","['Liver Cancer']",
"1081","Genetic","Znf198","Association","713","Disease","hepatocarcinogenesis",,
"1082","Genetic","Cyclin D2","Association","263","Disease","tumor",,
"1082","Genetic","Cyclin D2","Association","486","Disease","Tumor","['tumor']",
"1083","Genetic","CCND2","Association","263","Disease","tumor",,
"1083","Genetic","CCND2","Association","486","Disease","Tumor","['tumor']",
"1082","Genetic","Cyclin D2","Association","3","Disease","hepatocellular carcinoma","['Hepatocellular Carcinoma']",
"1083","Genetic","CCND2","Association","3","Disease","hepatocellular carcinoma","['Hepatocellular Carcinoma']",
"1084","Chemical","statins","Negative","692","Disease","cirrhotic",,
"1084","Chemical","statins","Correlation","692","Disease","cirrhotic",,
"1085","Genetic","multi-drug resistance protein 1","Association","3","Disease","hepatocellular carcinoma","['Hepatocellular Carcinoma']",
"1085","Genetic","multi-drug resistance protein 1","Association","31","Disease","chronic hepatitis B",,
"1086","Genetic","hypoxia-inducible factor 1α","Association","3","Disease","hepatocellular carcinoma","['Hepatocellular Carcinoma']",
"1085","Genetic","multi-drug resistance protein 1","Association","2","Disease","liver cirrhosis","['Liver cirrhosis']",
"188","Chemical","sorafenib","Positive","265","Disease","hypertension",,"['Sorafenib']"
"188","Chemical","sorafenib","Correlation","265","Disease","hypertension",,"['Sorafenib']"
"1087","Chemical","apatinib","Negative","3","Disease","hepatocellular carcinoma","['Hepatocellular Carcinoma']",
"1087","Chemical","apatinib","Correlation","3","Disease","hepatocellular carcinoma","['Hepatocellular Carcinoma']",
"1088","Genetic","GNA14","Association","711","Disease","Hepatocellular carcinoma",,
"1088","Genetic","GNA14","Association","263","Disease","tumor",,
"1088","Genetic","GNA14","Association","486","Disease","Tumor","['tumor']",
"937","Genetic","CTNNB1","Association","3","Disease","hepatocellular carcinoma","['Hepatocellular Carcinoma']",
"1089","Genetic","HBcrAg","Association","3","Disease","hepatocellular carcinoma","['Hepatocellular Carcinoma']",
"1090","Genetic","KIF4A","Association","3","Disease","hepatocellular carcinoma","['Hepatocellular Carcinoma']",
"1090","Genetic","KIF4A","Association","1091","Disease","cervical and lung cancer",,
"1092","Genetic","Kinesin family member 4A","Association","3","Disease","hepatocellular carcinoma","['Hepatocellular Carcinoma']",
"1093","Genetic","hepatitis C","Association","3","Disease","hepatocellular carcinoma","['Hepatocellular Carcinoma']",
"777","Genetic","androgen receptor","Association","3","Disease","hepatocellular carcinoma","['Hepatocellular Carcinoma']",
"1094","Genetic","IGF-1 Receptor","Association","711","Disease","Hepatocellular carcinoma",,
"1095","Variant","G1896A","Association","31","Disease","chronic hepatitis B",,
"1096","Genetic","cytidine deaminases","Association","3","Disease","hepatocellular carcinoma","['Hepatocellular Carcinoma']",
"1097","Genetic","cytidine deaminase","Association","3","Disease","hepatocellular carcinoma","['Hepatocellular Carcinoma']",
"1098","Genetic","ERp57","Association","263","Disease","tumor",,
"1098","Genetic","ERp57","Association","486","Disease","Tumor","['tumor']",
"1098","Genetic","ERp57","Association","3","Disease","hepatocellular carcinoma","['Hepatocellular Carcinoma']",
"1099","Genetic","PIK3CA","Association","711","Disease","Hepatocellular carcinoma",,
"1099","Genetic","PIK3CA","Association","205","Disease","cancer","['Cancer']",
"1100","Genetic","CD82","Association","205","Disease","cancer","['Cancer']",
"1100","Genetic","CD82","Association","3","Disease","hepatocellular carcinoma","['Hepatocellular Carcinoma']",
"1101","Genetic","KAI1","Association","3","Disease","hepatocellular carcinoma","['Hepatocellular Carcinoma']",
"1102","Genetic","IGFBP1","Association","31","Disease","chronic hepatitis B",,
"1102","Genetic","IGFBP1","Association","3","Disease","hepatocellular carcinoma","['Hepatocellular Carcinoma']",
"1103","Genetic","PLA2G2A","Association","3","Disease","hepatocellular carcinoma","['Hepatocellular Carcinoma']",
"1104","Genetic","Phospholipase A2 group IIA","Association","2","Disease","liver cirrhosis","['Liver cirrhosis']",
"1103","Genetic","PLA2G2A","Association","279","Disease","tumors",,
"1104","Genetic","Phospholipase A2 group IIA","Association","3","Disease","hepatocellular carcinoma","['Hepatocellular Carcinoma']",
"1103","Genetic","PLA2G2A","Association","2","Disease","liver cirrhosis","['Liver cirrhosis']",
"1105","Chemical","thymalfasin","Negative","711","Disease","Hepatocellular carcinoma",,
"1105","Chemical","thymalfasin","Correlation","711","Disease","Hepatocellular carcinoma",,
"1105","Chemical","thymalfasin","Negative","263","Disease","tumor",,
"1105","Chemical","thymalfasin","Negative","486","Disease","Tumor","['tumor']",
"1105","Chemical","thymalfasin","Correlation","263","Disease","tumor",,
"1105","Chemical","thymalfasin","Correlation","486","Disease","Tumor","['tumor']",
"1105","Chemical","thymalfasin","Negative","205","Disease","cancer","['Cancer']",
"1105","Chemical","thymalfasin","Correlation","205","Disease","cancer","['Cancer']",
"110","Genetic","APOBEC3B","Association","3","Disease","hepatocellular carcinoma","['Hepatocellular Carcinoma']",
"1106","Genetic","APOBEC3s","Association","3","Disease","hepatocellular carcinoma","['Hepatocellular Carcinoma']",
"724","Genetic","RNAs","Association","874","Disease","metastasis",,
"1107","Genetic","SFRP5","Association","3","Disease","hepatocellular carcinoma","['Hepatocellular Carcinoma']",
"1107","Genetic","SFRP5","Association","713","Disease","hepatocarcinogenesis",,
"1108","Genetic","frizzled-related proteins","Association","1109","Disease","HBV-related hepatocellular carcinoma",,
"1107","Genetic","SFRP5","Association","1109","Disease","HBV-related hepatocellular carcinoma",,
"1108","Genetic","frizzled-related proteins","Association","713","Disease","hepatocarcinogenesis",,
"1110","Variant","rs2562832","Association","711","Disease","Hepatocellular carcinoma",,
"1111","Genetic","Ki-67","Association","711","Disease","Hepatocellular carcinoma",,
"1112","Genetic","DNT10","Association","3","Disease","hepatocellular carcinoma","['Hepatocellular Carcinoma']",
"1113","Genetic","HG63T1","Association","3","Disease","hepatocellular carcinoma","['Hepatocellular Carcinoma']",
"978","Chemical","Entecavir","Negative","31","Disease","chronic hepatitis B",,
"978","Chemical","Entecavir","Correlation","31","Disease","chronic hepatitis B",,
"1114","Genetic","XAF1","Association","1115","Disease","gastric and bladder cancer",,
"1114","Genetic","XAF1","Association","3","Disease","hepatocellular carcinoma","['Hepatocellular Carcinoma']",
"1114","Genetic","XAF1","Association","263","Disease","tumor",,
"1114","Genetic","XAF1","Association","486","Disease","Tumor","['tumor']",
"866","Genetic","miR-375","Association","39","Disease","cirrhosis",,
"866","Genetic","miR-375","Association","5","Disease","hepatitis","['Hepatitis']",
"845","Genetic","SOCS3","Association","692","Disease","cirrhotic",,
"845","Genetic","SOCS3","Association","31","Disease","chronic hepatitis B",,
"1116","Variant","rs8177832","Positive","3","Disease","hepatocellular carcinoma","['Hepatocellular Carcinoma']",
"1116","Variant","rs8177832","Correlation","3","Disease","hepatocellular carcinoma","['Hepatocellular Carcinoma']",
"982","Genetic","PTPN12","Association","205","Disease","cancer","['Cancer']",
"1117","Genetic","c-kit","Association","3","Disease","hepatocellular carcinoma","['Hepatocellular Carcinoma']",
"1118","Genetic","HBX","Association","711","Disease","Hepatocellular carcinoma",,
"1118","Genetic","HBX","Association","263","Disease","tumor",,
"1118","Genetic","HBX","Association","486","Disease","Tumor","['tumor']",
"1118","Genetic","HBX","Association","39","Disease","cirrhosis",,
"1119","Variant","R249S","Association","39","Disease","cirrhosis",,
"184","Genetic","programmed cell death-1","Association","263","Disease","tumor",,
"184","Genetic","programmed cell death-1","Association","486","Disease","Tumor","['tumor']",
"184","Genetic","programmed cell death-1","Association","474","Disease","malignancies",,
"1120","Genetic","HBV s","Association","3","Disease","hepatocellular carcinoma","['Hepatocellular Carcinoma']",
"1120","Genetic","HBV s","Association","31","Disease","chronic hepatitis B",,
"1121","Genetic","miR-199a-5p","Association","3","Disease","hepatocellular carcinoma","['Hepatocellular Carcinoma']",
"1122","Genetic","C-reactive protein","Association","3","Disease","hepatocellular carcinoma","['Hepatocellular Carcinoma']",
"1123","Genetic","CRP","Association","2","Disease","liver cirrhosis","['Liver cirrhosis']",
"1123","Genetic","CRP","Association","1124","Disease","inflammatory",,
"1123","Genetic","CRP","Association","3","Disease","hepatocellular carcinoma","['Hepatocellular Carcinoma']",
"1125","Genetic","C-reactive protein (CRP","Association","3","Disease","hepatocellular carcinoma","['Hepatocellular Carcinoma']",
"753","Genetic","precore","Association","30","Disease","liver disease","['Liver Disease']",
"753","Genetic","precore","Association","2","Disease","liver cirrhosis","['Liver cirrhosis']",
"1126","Genetic","W28","Association","3","Disease","hepatocellular carcinoma","['Hepatocellular Carcinoma']",
"1127","Variant","A80I/T/V","Association","2","Disease","liver cirrhosis","['Liver cirrhosis']",
"1128","Variant","L116I","Association","2","Disease","liver cirrhosis","['Liver cirrhosis']",
"1126","Genetic","W28","Association","30","Disease","liver disease","['Liver Disease']",
"1126","Genetic","W28","Association","2","Disease","liver cirrhosis","['Liver cirrhosis']",
"1129","Chemical","nucleotide analogues","Negative","3","Disease","hepatocellular carcinoma","['Hepatocellular Carcinoma']",
"1129","Chemical","nucleotide analogues","Correlation","3","Disease","hepatocellular carcinoma","['Hepatocellular Carcinoma']",
"1130","Genetic","Lymphotoxin-β receptor","Association","3","Disease","hepatocellular carcinoma","['Hepatocellular Carcinoma']",
"1131","Genetic","CD8","Association","3","Disease","hepatocellular carcinoma","['Hepatocellular Carcinoma']",
"1132","Genetic","MyD88","Association","3","Disease","hepatocellular carcinoma","['Hepatocellular Carcinoma']",
"1043","Genetic","interleukin-6","Association","733","Disease","carcinogenesis",,
"1133","Genetic","Kazal1","Association","3","Disease","hepatocellular carcinoma","['Hepatocellular Carcinoma']",
"1134","Genetic","SPINK1","Association","3","Disease","hepatocellular carcinoma","['Hepatocellular Carcinoma']",
"1134","Genetic","SPINK1","Association","279","Disease","tumors",,
"1135","Genetic","il6","Association","3","Disease","hepatocellular carcinoma","['Hepatocellular Carcinoma']",
"1136","Genetic","DARS2","Association","3","Disease","hepatocellular carcinoma","['Hepatocellular Carcinoma']",
"1137","Genetic","Platelets","Association","3","Disease","hepatocellular carcinoma","['Hepatocellular Carcinoma']",
"1138","Genetic","HepG2","Association","713","Disease","hepatocarcinogenesis",,
"1139","Genetic","SIGLEC-3","Association","975","Disease","Chronic hepatitis B",,
"1140","Genetic","Alpha 1,6-fucosyltransferase 8","Association","805","Disease","tumour",,
"1140","Genetic","Alpha 1,6-fucosyltransferase 8","Association","3","Disease","hepatocellular carcinoma","['Hepatocellular Carcinoma']",
"65","Genetic","NTCP","Association","3","Disease","hepatocellular carcinoma","['Hepatocellular Carcinoma']",
"1141","Genetic","HBV receptor","Association","3","Disease","hepatocellular carcinoma","['Hepatocellular Carcinoma']",
"1142","Variant","rs4646287","Positive","0","Disease","HBV infection","['HBV Infection']",
"1142","Variant","rs4646287","Correlation","0","Disease","HBV infection","['HBV Infection']",
"1141","Genetic","HBV receptor","Association","0","Disease","HBV infection","['HBV Infection']",
"65","Genetic","NTCP","Association","0","Disease","HBV infection","['HBV Infection']",
"1143","Genetic","TLR2","Association","34","Disease","inflammation",,
"1143","Genetic","TLR2","Association","3","Disease","hepatocellular carcinoma","['Hepatocellular Carcinoma']",
"1144","Genetic","β‑2‑glycoprotein I","Association","3","Disease","hepatocellular carcinoma","['Hepatocellular Carcinoma']",
"1145","Genetic","Toll‑like receptor 4","Association","3","Disease","hepatocellular carcinoma","['Hepatocellular Carcinoma']",
"1146","Genetic","Des-gamma-carboxyprothrombin","Association","3","Disease","hepatocellular carcinoma","['Hepatocellular Carcinoma']",
"769","Genetic","HBV","Association","1147","Disease","hepatocellular tumors",,
"1148","Genetic","URG4","Association","3","Disease","hepatocellular carcinoma","['Hepatocellular Carcinoma']",
"1149","Genetic","miR-3","Association","346","Disease","chronic hepatitis",,
"1149","Genetic","miR-3","Association","1184","Disease","Hepatitis B","['hepatitis B','hepatitis b']",
"1149","Genetic","miR-3","Association","3","Disease","hepatocellular carcinoma","['Hepatocellular Carcinoma']",
"1150","Genetic","Yes-associated protein","Association","3","Disease","hepatocellular carcinoma","['Hepatocellular Carcinoma']",
"1151","Genetic","TAZ","Association","3","Disease","hepatocellular carcinoma","['Hepatocellular Carcinoma']",
"1152","Genetic","N-myc","Association","3","Disease","hepatocellular carcinoma","['Hepatocellular Carcinoma']",
"1153","Genetic","c-myc","Association","3","Disease","hepatocellular carcinoma","['Hepatocellular Carcinoma']",
"1154","Genetic","MMP-3","Association","3","Disease","hepatocellular carcinoma","['Hepatocellular Carcinoma']",
"878","Genetic","T cell receptor","Association","1183","Disease","Hepatitis B Virus Infection","['hepatitis B virus infection']",
"1155","Genetic","Jun activation domain-binding protein 1","Association","3","Disease","hepatocellular carcinoma","['Hepatocellular Carcinoma']",
"1156","Genetic","JAB1","Association","3","Disease","hepatocellular carcinoma","['Hepatocellular Carcinoma']",
"1157","Genetic","XRCC1","Association","3","Disease","hepatocellular carcinoma","['Hepatocellular Carcinoma']",
"1158","Genetic","Cyp2E1","Association","3","Disease","hepatocellular carcinoma","['Hepatocellular Carcinoma']",
"1159","Genetic","hOGG1","Association","3","Disease","hepatocellular carcinoma","['Hepatocellular Carcinoma']",
"303","Chemical","tenofovir","Negative","31","Disease","chronic hepatitis B",,"['Tenofovir']"
"303","Chemical","tenofovir","Correlation","31","Disease","chronic hepatitis B",,"['Tenofovir']"
"1160","Variant","rs619586","Association","3","Disease","hepatocellular carcinoma","['Hepatocellular Carcinoma']",
"1161","Chemical","everolimus","Negative","3","Disease","hepatocellular carcinoma","['Hepatocellular Carcinoma']",
"1161","Chemical","everolimus","Correlation","3","Disease","hepatocellular carcinoma","['Hepatocellular Carcinoma']",
"1162","Genetic","mammalian target of rapamycin","Association","3","Disease","hepatocellular carcinoma","['Hepatocellular Carcinoma']",
"1163","Genetic","B8","Association","3","Disease","hepatocellular carcinoma","['Hepatocellular Carcinoma']",
"1164","Genetic","galectin-9","Association","3","Disease","hepatocellular carcinoma","['Hepatocellular Carcinoma']",
"31","Disease","chronic hepatitis B","Negative","807","Chemical","metformin",,
"31","Disease","chronic hepatitis B","Correlation","807","Chemical","metformin",,
"820","Genetic","osteopontin","Association","263","Disease","tumor",,
"820","Genetic","osteopontin","Association","486","Disease","Tumor","['tumor']",
"1165","Genetic","SCCA2","Association","292","Disease","Hepatitis B Virus","['hepatitis B virus']",
"1166","Genetic","SCCA1","Association","292","Disease","Hepatitis B Virus","['hepatitis B virus']",
"862","Genetic","IL28B","Association","1013","Disease","chronic hepatitis B virus",,
"1167","Genetic","UCP","Association","263","Disease","tumor",,
"1167","Genetic","UCP","Association","486","Disease","Tumor","['tumor']",
"1167","Genetic","UCP","Association","713","Disease","hepatocarcinogenesis",,
"1168","Genetic","E2-EPF ubiquitin carrier protein","Association","713","Disease","hepatocarcinogenesis",,
"1169","Genetic","Akt","Association","3","Disease","hepatocellular carcinoma","['Hepatocellular Carcinoma']",
"331","Genetic","hepatitis B core antigen","Association","3","Disease","hepatocellular carcinoma","['Hepatocellular Carcinoma']",
"1170","Genetic","angiogenin","Association","3","Disease","hepatocellular carcinoma","['Hepatocellular Carcinoma']",
"1171","Genetic","KIR","Association","1172","Disease","tumours",,
"1171","Genetic","KIR","Association","362","Disease","chronic liver disease",,
"1171","Genetic","KIR","Association","1173","Disease","e antigenaemia",,
"1171","Genetic","KIR","Association","711","Disease","Hepatocellular carcinoma",,
"19","Chemical","lamivudine","Positive","396","Genetic","alanine aminotransferase",,
"19","Chemical","lamivudine","Correlation","396","Genetic","alanine aminotransferase",,
"1174","Genetic","HBe","Association","3","Disease","hepatocellular carcinoma","['Hepatocellular Carcinoma']",
"19","Chemical","lamivudine","Positive","1175","Genetic","asparate aminotransferase",,
"19","Chemical","lamivudine","Correlation","1175","Genetic","asparate aminotransferase",,
"1176","Genetic","HBV RNA","Association","31","Disease","chronic hepatitis B",,
"1177","Genetic","IFN-位","Association","1184","Disease","Hepatitis B","['hepatitis B','hepatitis b']",
"1177","Genetic","IFN-位","Association","3","Disease","hepatocellular carcinoma","['Hepatocellular Carcinoma']",
"1178","Genetic","miR-6","Association","31","Disease","chronic hepatitis B",,
"1179","Genetic","ASPP2","Association","1180","Disease","chronic liver damage",,
"1179","Genetic","ASPP2","Association","1181","Disease","Hepatitis B virus",,
"1182","Genetic","PTEN","Association","3","Disease","hepatocellular carcinoma","['Hepatocellular Carcinoma']",
"1182","Genetic","PTEN","Association","603","Disease","chronic hepatitis B infection",,
"1185","Genetic","DDX17","Association","874","Disease","metastasis",,
"1185","Genetic","DDX17","Association","205","Disease","cancer","['Cancer']",
"769","Genetic","HBV","Association","1186","Disease","cancer metastasis",,
"769","Genetic","HBV","Association","205","Disease","cancer","['Cancer']",
"1185","Genetic","DDX17","Association","1186","Disease","cancer metastasis",,
"1187","Genetic","PCNAP1","Association","3","Disease","hepatocellular carcinoma","['Hepatocellular Carcinoma']",
"1187","Genetic","PCNAP1","Association","713","Disease","hepatocarcinogenesis",,
"1188","Genetic","fibrinogen-like protein 1","Association","1109","Disease","HBV-related hepatocellular carcinoma",,
"1189","Genetic","serum fibrinogen-like protein 1","Association","1109","Disease","HBV-related hepatocellular carcinoma",,
"1190","Genetic","HBV Pre-S","Association","30","Disease","liver disease","['Liver Disease']",
"1190","Genetic","HBV Pre-S","Association","1191","Disease","HBV-induced liver disease",,
"1192","Genetic","HBV-RNA","Association","31","Disease","chronic hepatitis B",,
"1193","Genetic","FoxO4","Association","31","Disease","chronic hepatitis B",,
"1149","Genetic","miR-3","Association","31","Disease","chronic hepatitis B",,
"1194","Chemical","tocilizumab","Negative","1195","Disease","hematologic malignancies",,
"1194","Chemical","tocilizumab","Correlation","1195","Disease","hematologic malignancies",,
"1196","Genetic","circ_myotubularin 1","Association","3","Disease","hepatocellular carcinoma","['Hepatocellular Carcinoma']",
"1196","Genetic","circ_myotubularin 1","Association","263","Disease","tumor",,
"1196","Genetic","circ_myotubularin 1","Association","486","Disease","Tumor","['tumor']",
"1176","Genetic","HBV RNA","Association","913","Disease","liver fibrosis",,
"1197","Genetic","CD36","Association","31","Disease","chronic hepatitis B",,
"1197","Genetic","CD36","Association","136","Disease","liver diseases","['Liver Diseases']",
"1197","Genetic","CD36","Association","347","Disease","liver failure","['Liver failure']",
"1198","Genetic","SOX9","Association","205","Disease","cancer","['Cancer']",
"1198","Genetic","SOX9","Association","39","Disease","cirrhosis",,
"1199","Genetic","NEDD4","Association","263","Disease","tumor",,
"1199","Genetic","NEDD4","Association","486","Disease","Tumor","['tumor']",
"1199","Genetic","NEDD4","Association","733","Disease","carcinogenesis",,
"1199","Genetic","NEDD4","Association","3","Disease","hepatocellular carcinoma","['Hepatocellular Carcinoma']",
"1200","Genetic","interleukin 21","Association","39","Disease","cirrhosis",,
"1200","Genetic","interleukin 21","Association","913","Disease","liver fibrosis",,
"1200","Genetic","interleukin 21","Association","3","Disease","hepatocellular carcinoma","['Hepatocellular Carcinoma']",
"1201","Chemical","fat","Positive","1202","Disease","hepatic steatosis",,
"1201","Chemical","fat","Correlation","1202","Disease","hepatic steatosis",,
"1203","Chemical","Evans blue","Negative","975","Disease","Chronic hepatitis B",,
"1203","Chemical","Evans blue","Correlation","975","Disease","Chronic hepatitis B",,
"1204","Genetic","CB1 receptors","Association","3","Disease","hepatocellular carcinoma","['Hepatocellular Carcinoma']",
"1205","Genetic","CB1","Association","3","Disease","hepatocellular carcinoma","['Hepatocellular Carcinoma']",
"1206","Variant","rs9380343","Association","1184","Disease","Hepatitis B","['hepatitis B','hepatitis b']",
"1207","Genetic","HBV large surface protein","Association","0","Disease","HBV infection","['HBV Infection']",
"1207","Genetic","HBV large surface protein","Association","31","Disease","chronic hepatitis B",,
"1208","Genetic","SERINC5","Association","292","Disease","Hepatitis B Virus","['hepatitis B virus']",
"980","Genetic","CDC45","Association","711","Disease","Hepatocellular carcinoma",,
"1209","Genetic","thymidylate synthase","Association","711","Disease","Hepatocellular carcinoma",,
"1209","Genetic","thymidylate synthase","Association","205","Disease","cancer","['Cancer']",
"1210","Genetic","Prdx1","Association","39","Disease","cirrhosis",,
"1211","Genetic","peroxiredoxin 1","Association","3","Disease","hepatocellular carcinoma","['Hepatocellular Carcinoma']",
"1210","Genetic","Prdx1","Association","3","Disease","hepatocellular carcinoma","['Hepatocellular Carcinoma']",
"1212","Genetic","CCR5D32","Association","910","Disease","chronic HBV infection",,
"1213","Genetic","HBV core","Association","687","Disease","chronic hepatitis B virus infection",,
"1214","Chemical","ABI-H2158","Negative","687","Disease","chronic hepatitis B virus infection",,
"1214","Chemical","ABI-H2158","Correlation","687","Disease","chronic hepatitis B virus infection",,
"1215","Chemical","bortezomib","Cotreatment","23","Chemical","entecavir",,
"1215","Chemical","bortezomib","Negative","1216","Disease","multiple myeloma",,
"1215","Chemical","bortezomib","Correlation","1216","Disease","multiple myeloma",,
"1217","Genetic","polymerase","Association","1218","Disease","hepatitis-B",,
"1219","Genetic","ATP5B","Association","3","Disease","hepatocellular carcinoma","['Hepatocellular Carcinoma']",
"1220","Genetic","Cholesterol-25-hydroxylase","Association","0","Disease","HBV infection","['HBV Infection']",
"1221","Chemical","Ustekinumab","Negative","566","Disease","psoriasis",,
"1221","Chemical","Ustekinumab","Correlation","566","Disease","psoriasis",,
"1222","Chemical","secukinumab","Negative","566","Disease","psoriasis",,
"1222","Chemical","secukinumab","Correlation","566","Disease","psoriasis",,
"1223","Genetic","GP73","Association","711","Disease","Hepatocellular carcinoma",,
"1224","Genetic","Ostm1","Association","2","Disease","liver cirrhosis","['Liver cirrhosis']",
"1224","Genetic","Ostm1","Association","3","Disease","hepatocellular carcinoma","['Hepatocellular Carcinoma']",
"1225","Genetic","low-density lipoprotein receptor","Association","1184","Disease","Hepatitis B","['hepatitis B','hepatitis b']",
"1225","Genetic","low-density lipoprotein receptor","Association","33","Disease","infection",,
"1225","Genetic","low-density lipoprotein receptor","Association","0","Disease","HBV infection","['HBV Infection']",
"1225","Genetic","low-density lipoprotein receptor","Association","3","Disease","hepatocellular carcinoma","['Hepatocellular Carcinoma']",
"1226","Chemical","stanozolol","Negative","1227","Disease","myeloproliferative neoplasms",,
"1226","Chemical","stanozolol","Correlation","1227","Disease","myeloproliferative neoplasms",,
"1228","Chemical","ruxolitinib","Negative","1227","Disease","myeloproliferative neoplasms",,
"1228","Chemical","ruxolitinib","Correlation","1227","Disease","myeloproliferative neoplasms",,
"1229","Genetic","GATA4","Association","3","Disease","hepatocellular carcinoma","['Hepatocellular Carcinoma']",
"1230","Genetic","GATA binding protein 4","Association","3","Disease","hepatocellular carcinoma","['Hepatocellular Carcinoma']",
"1231","Genetic","GATA binding protein 4 (GATA4","Association","3","Disease","hepatocellular carcinoma","['Hepatocellular Carcinoma']",
"1149","Genetic","miR-3","Association","204","Disease","liver cancer","['Liver Cancer']",
"1182","Genetic","PTEN","Association","204","Disease","liver cancer","['Liver Cancer']",
"1149","Genetic","miR-3","Association","263","Disease","tumor",,
"1149","Genetic","miR-3","Association","486","Disease","Tumor","['tumor']",
"1232","Genetic","transforming growth factor 尾","Association","3","Disease","hepatocellular carcinoma","['Hepatocellular Carcinoma']",
"1233","Chemical","Oleanolic acid","Negative","3","Disease","hepatocellular carcinoma","['Hepatocellular Carcinoma']",
"1233","Chemical","Oleanolic acid","Correlation","3","Disease","hepatocellular carcinoma","['Hepatocellular Carcinoma']",
"163","Genetic","PD-1","Association","3","Disease","hepatocellular carcinoma","['Hepatocellular Carcinoma']",
"767","Genetic","Sirtuin 2","Association","3","Disease","hepatocellular carcinoma","['Hepatocellular Carcinoma']",
"1234","Genetic","Sirt2","Association","934","Genetic","AKT",,
"1234","Genetic","Sirt2","Association","751","Disease","hepatocellular carcinomas",,
"1234","Genetic","Sirt2","Association","3","Disease","hepatocellular carcinoma","['Hepatocellular Carcinoma']",
"767","Genetic","Sirtuin 2","Association","751","Disease","hepatocellular carcinomas",,
"1235","Genetic","A10","Association","3","Disease","hepatocellular carcinoma","['Hepatocellular Carcinoma']",
"1236","Genetic","homeobox A10","Association","3","Disease","hepatocellular carcinoma","['Hepatocellular Carcinoma']",
"1237","Chemical","rituximab","Negative","1238","Disease","diffuse large B-cell lymphoma",,
"1237","Chemical","rituximab","Correlation","1238","Disease","diffuse large B-cell lymphoma",,
"1239","Genetic","KMT2B","Association","3","Disease","hepatocellular carcinoma","['Hepatocellular Carcinoma']",
"1240","Chemical","vorinostat","Negative","205","Disease","cancer","['Cancer']",
"1240","Chemical","vorinostat","Correlation","205","Disease","cancer","['Cancer']",
"1241","Chemical","Romidepsin","Negative","205","Disease","cancer","['Cancer']",
"1241","Chemical","Romidepsin","Correlation","205","Disease","cancer","['Cancer']",
"1242","Genetic","NAMPT","Association","204","Disease","liver cancer","['Liver Cancer']",
"1243","Genetic","Nicotinamide phosphoribosyltransferase","Association","204","Disease","liver cancer","['Liver Cancer']",
"1237","Chemical","rituximab","Negative","1244","Disease","lymphoma",,
"1237","Chemical","rituximab","Correlation","1244","Disease","lymphoma",,
"1245","Chemical","abatacept","Negative","381","Disease","rheumatoid arthritis",,
"1245","Chemical","abatacept","Correlation","381","Disease","rheumatoid arthritis",,
"23","Chemical","entecavir","Negative","1244","Disease","lymphoma",,
"23","Chemical","entecavir","Correlation","1244","Disease","lymphoma",,
"1246","Genetic","toll-like receptor 2","Association","0","Disease","HBV infection","['HBV Infection']",
"1247","Genetic","CA19-9","Association","517","Disease","intrahepatic cholangiocarcinoma",,
"801","Genetic","TP53","Association","517","Disease","intrahepatic cholangiocarcinoma",,
"1248","Genetic","SNHG20","Association","3","Disease","hepatocellular carcinoma","['Hepatocellular Carcinoma']",
"1249","Chemical","troglitazone","Negative","1250","Genetic","peroxisome proliferator-activated receptor 纬",,
"1249","Chemical","troglitazone","Correlation","1250","Genetic","peroxisome proliferator-activated receptor 纬",,
"1249","Chemical","troglitazone","Negative","0","Disease","HBV infection","['HBV Infection']",
"1249","Chemical","troglitazone","Correlation","0","Disease","HBV infection","['HBV Infection']",
"1237","Chemical","rituximab","Negative","378","Disease","multiple sclerosis",,
"1237","Chemical","rituximab","Correlation","378","Disease","multiple sclerosis",,
"1251","Chemical","Ocrelizumab","Negative","378","Disease","multiple sclerosis",,
"1251","Chemical","Ocrelizumab","Correlation","378","Disease","multiple sclerosis",,
"1251","Chemical","Ocrelizumab","Negative","0","Disease","HBV infection","['HBV Infection']",
"1251","Chemical","Ocrelizumab","Correlation","0","Disease","HBV infection","['HBV Infection']",
"1252","Genetic","PIN1","Association","3","Disease","hepatocellular carcinoma","['Hepatocellular Carcinoma']",
"1253","Genetic","parvulin","Association","3","Disease","hepatocellular carcinoma","['Hepatocellular Carcinoma']",
"1254","Genetic","PIN4","Association","3","Disease","hepatocellular carcinoma","['Hepatocellular Carcinoma']",