"~id","~labels","name","alias"
"0","Disease","HBV infection","['HBV Infection']"
"1","Disease","end-stage liver disease","['End-Stage Liver Disease']"
"2","Disease","liver cirrhosis","['Liver cirrhosis']"
"3","Disease","hepatocellular carcinoma","['Hepatocellular Carcinoma']"
"4","Disease","HCC",
"5","Disease","hepatitis","['Hepatitis']"
"6","Disease","serum hepatitis",
"7","Genetic","Australian antigen",
"8","Genetic","HBV surface antigen",
"9","Genetic","HBsAg",
"10","Chemical","nucleo",
"11","Genetic","HBV immuno-globulins",
"12","Genetic","HBsAg gene",
"13","Genetic","HBsAg protein",
"14","Genetic","anti-HBs","['Anti-HBs']"
"15","Genetic","HBeAg",
"16","Genetic","anti-HBe","['Anti-HBe']"
"17","Genetic","anti-HBc","['Anti-HBc']"
"18","Genetic","interferon-α",
"19","Chemical","lamivudine",
"20","Genetic","anti-HBV",
"21","Chemical","pegylated IFN",
"22","Chemical","Peg-IFN",
"23","Chemical","entecavir",
"24","Chemical","ETV",
"25","Chemical","tenofovir disoproxil fumarate",
"26","Chemical","TDF",
"27","Disease","hepatic inflammation",
"28","Disease","viral infection",
"29","Disease","infected with HBV",
"30","Disease","liver disease","['Liver Disease']"
"31","Disease","chronic hepatitis B",
"32","Disease","CHB",
"33","Disease","infection",
"34","Disease","inflammation",
"35","Genetic","ALT",
"36","Disease","HBV-infected",
"37","Disease","liver injury",
"38","Disease","cirrhosisis",
"39","Disease","cirrhosis",
"40","Disease","cirrhot","['Cirrhot']"
"41","Disease","death",
"42","Genetic","envelopeproteins",
"43","Genetic","core",
"44","Genetic","PreS1 promoter",
"45","Genetic","PreS2/S promoter",
"46","Genetic","X promoter",
"47","Genetic","EnhI",
"48","Genetic","EnhII",
"49","Genetic","5 kb PreC/C mRNA",
"50","Genetic","4 kb PreS1 mRNA",
"51","Genetic","PreS2/S",
"52","Genetic","7 kb X mRNA",
"53","Genetic","PreC/C ORF",
"54","Genetic","HBcAg",
"55","Genetic","P ORF",
"56","Genetic","HBV DNA polymerase",
"57","Genetic","PreS/S ORF",
"58","Genetic","X ORF",
"59","Genetic","X protein",
"60","Genetic","HBx",
"61","Genetic","rcDNA",
"62","Chemical","sodium",
"63","Genetic","L protein",
"64","Genetic","sodium-taurocholatecotransporting polypeptide",
"65","Genetic","NTCP",
"66","Genetic","host RNA polymerase II",
"67","Genetic","DNA polymerase",
"68","Genetic","pgRNA",
"69","Genetic","pgRNA-polymerase ribonucleoprotein",
"70","Genetic","RNP",
"71","Genetic","core antigen polypeptide dimer",
"72","Genetic","envelope protein",
"73","Genetic","HSPG",
"74","Genetic","HBV promoter",
"75","Genetic","HBV genomic enhancer I",
"76","Genetic","EnhI/Xp",
"77","Genetic","enhancer II",
"78","Genetic","EnhII/Cp",
"79","Genetic","HBV EnhI",
"80","Genetic","X",
"81","Genetic","SP",
"82","Genetic","Xp",
"83","Genetic","C/EBP",
"84","Genetic","P53",
"85","Genetic","IRF",
"86","Genetic","NF1",
"87","Genetic","HNF3",
"88","Genetic","HNF4",
"89","Genetic","RXR",
"90","Genetic","PPAR",
"91","Genetic","COUPTF",
"92","Genetic","RFX1",
"93","Genetic","AP1",
"94","Genetic","CREB",
"95","Genetic","ATF2",
"96","Genetic","Cp",
"97","Genetic","SP1",
"98","Genetic","FTF",
"99","Genetic","HLF",
"100","Genetic","E4BP4",
"101","Genetic","COUPTF1",
"102","Genetic","ARP1",
"103","Genetic","FXR",
"104","Genetic","LRH1",
"105","Genetic","PGC1",
"106","Genetic","CBP",
"107","Genetic","SRC1",
"108","Genetic","PRMT1",
"109","Genetic","SBP",
"110","Genetic","APOBEC3B",
"111","Genetic","PRMT5",
"112","Genetic","PRKAA",
"113","Genetic","AMPK",
"114","Genetic","viral protein HBx",
"115","Chemical","calcium",
"116","Genetic","Pyk2",
"117","Genetic","FAK",
"118","Genetic","SMC5/6",
"119","Disease","liver inflammation",
"120","Genetic","Toll-like receptors",
"121","Genetic","retinoic acid receptors",
"122","Disease","immunity",
"123","Genetic","IFN-α",
"124","Genetic","Major histo-compatibility complex (MHC) class I",
"125","Genetic","IFN-γ",
"126","Genetic","IF",
"127","Genetic","IFN-α-2a",
"128","Genetic","IFN-α-2b",
"129","Genetic","IFN-α-1b",
"130","Disease","irrhosis",
"131","Genetic","IFN",
"132","Chemical","Peg",
"133","Genetic","Peg-IFN-α-2a",
"134","Chemical","Peg-IFN-α-2b",
"135","Chemical","LAM",
"136","Disease","liver diseases","['Liver Diseases']"
"137","Chemical","adefovir dipivoxil",
"138","Chemical","ADV",
"139","Disease","nephrotoxicity",
"140","Chemical","AD","['ad','adsorption']"
"141","Chemical","Telbivudine","['telbivudine']"
"142","Chemical","LdT",
"143","Chemical","nucleoside",
"144","Disease","fibrosis",
"145","Chemical","Tenofovir alafenamide","['tenofovir alafenamide']"
"146","Chemical","TAF",
"147","Disease","bone and renal abnormalities",
"148","Chemical","Peg-IF",
"149","Chemical","ET",
"150","Genetic","Peg-IFN-α2a",
"151","Genetic","HBV polymerase",
"152","Genetic","ribonuclease H",
"153","Genetic","RNaseH",
"154","Chemical","retinoic acid",
"155","Chemical","nucleotide",
"156","Genetic","TLR-7",
"157","Genetic","TLR-8",
"158","Genetic","retinoic acid-inducible gene 1",
"159","Genetic","RIG-1",
"160","Genetic","nucleotide-binding oligomerization domain protein 2",
"161","Genetic","NOD-2",
"162","Genetic","programmed death receptor 1",
"163","Genetic","PD-1",
"164","Genetic","NTCP receptor",
"165","Genetic","TALENs",
"166","Genetic","Cas9",
"167","Genetic","CRIS",
"168","Genetic","Cas",
"169","Genetic","viral anti-gen",
"170","Chemical","ARC-520",
"171","Chemical","NVR 3–778",
"172","Chemical","JNJ-6379",
"173","Chemical","GLS4",
"174","Chemical","ABI-H0731",
"175","Chemical","Besifovir",
"176","Chemical","LB80380",
"177","Chemical","BSV",
"178","Chemical","ucleotide",
"179","Chemical","CMX157",
"180","Chemical","REP2139",
"181","Chemical","REP2165",
"182","Disease","CH","['Ch']"
"183","Genetic","Toll-like receptor 7",
"184","Genetic","programmed cell death-1",
"185","Genetic","anti-PD-1 antibody",
"186","Disease","esophageal varices",
"187","Chemical","yrosine",
"188","Chemical","sorafenib","['Sorafenib']"
"189","Chemical","lenvatinib",
"190","Genetic","tyrosine kinase",
"191","Chemical","atezo 1 bev",
"192","Chemical","tyrosine",
"193","Chemical","cab",
"194","Chemical","ozantinib",
"195","Chemical","gorafenib",
"196","Genetic","a-fetoprotein",
"197","Chemical","ni",
"198","Chemical","following",
"199","Chemical","len",
"200","Chemical","vatinib",
"201","Chemical","nivolumab","['Nivolumab']"
"202","Disease","gastrointestinal-cancer",
"203","Disease","hepatocellularcarcinoma",
"204","Disease","liver cancer","['Liver Cancer']"
"205","Disease","cancer","['Cancer']"
"206","Disease","viral hepatitis","['Viral hepatitis']"
"207","Disease","hepatitis B virus [HBV] infection",
"208","Disease","hepati-tis C virus [HCV] infection",
"209","Chemical","alcohol",
"210","Chemical","ﬂatoxin",
"211","Disease","obesity",
"212","Disease","diabetes","['Diabetes']"
"213","Disease","type II diabetes",
"214","Treatment","surgical",
"215","Treatment","liver-directed",
"216","Disease","toxicity",
"217","Chemical","cabozantinib",
"218","Genetic","AFP",
"219","Disease","injury",
"220","Chemical","so",
"221","Chemical","Sorafen","['sorafen']"
"222","Disease","OS",
"223","Disease","hand-foot skin reaction",
"224","Disease","FSR",
"225","Disease","alopecia",
"226","Disease","fatigue",
"227","Disease","rash","['Rash']"
"228","Disease","desquamation",
"229","Disease","anorexia",
"230","Chemical","Lenvatinib","['lenvatinib']"
"231","Chemical","versus",
"232","Disease","teinuria",
"233","Disease","dysphonia",
"234","Disease","hypothyroidism",
"235","Disease","varices",
"236","Disease","FS",
"237","Disease","diarrhea",
"238","Chemical","bilirubin",
"239","Chemical","volumab",
"240","Chemical","gor",
"241","Disease","steatohepatitis",
"242","Disease","BC",
"243","Chemical","Reg",
"244","Chemical","orafenib",
"245","Disease","extrahepatic lesion",
"246","Disease","intrahepatic lesion",
"247","Chemical","regorafenib",
"248","Disease","deaths",
"249","Disease","ast","['AST']"
"250","Disease","hyponatremia",
"251","Chemical","alanine",
"252","Genetic","alanine transaminase",
"253","Disease","anemia",
"254","Chemical","atezo 1bev",
"255","Disease","portal hypertension",
"256","Disease","bleeding",
"257","Disease","variceal bleed",
"258","Disease","myocardial infarction",
"259","Disease","stroke",
"260","Disease","autoimmune disease",
"261","Disease","toxic",
"262","Disease","HCV",
"263","Disease","tumor",
"264","Chemical","lenvatinib are recommended where there are con-traindications to atezo 1 be",
"265","Disease","hypertension",
"266","Disease","HF",
"267","Chemical","abozantinib",
"268","Chemical","rafenib",
"269","Chemical","vo",
"270","Chemical","options",
"271","Chemical","on",
"272","Chemical","antinib",
"273","Disease","as","['AS']"
"274","Disease","cites",
"275","Disease","renal dysfunction",
"276","Disease","HCV infection",
"277","Genetic","FGF19",
"278","Genetic","FGFR4",
"279","Disease","tumors",
"280","Disease","encephalopathy",
"281","Disease","esophagealvarices",
"282","Disease","ascites",
"283","Disease","HBV or HCV",
"284","Disease","infection of the liver",
"285","Disease","liverfailure",
"286","Chemical","BS",
"287","Chemical","bozantinib",
"288","Chemical","regoraf",
"289","Chemical","sora",
"290","Chemical","ipilimumab",
"291","Disease","portal",
"292","Disease","Hepatitis B Virus","['hepatitis B virus']"
"293","Disease","human immunodeficiency virus",
"294","Disease","patitis B virus",
"295","Genetic","hepatitis B e-antigen",
"296","Disease","patitis B","['patitis b']"
"297","Disease","hepatitis C virus",
"298","Chemical","glucose",
"299","Disease","HBV infections",
"300","Disease","Chronic Hepatitis B Infection",
"301","Chemical","lamuvidine",
"302","Chemical","bacavir",
"303","Chemical","tenofovir","['Tenofovir']"
"304","Genetic","interferon",
"305","Genetic","interferon alpha",
"306","Genetic","pegylated interferon",
"307","Disease","HBV","['hbV']"
"308","Disease","bloodborne virus infection",
"309","Disease","HBV-In",
"310","Genetic","Hepatitis B e Antigen","['Hepatitis B e antigen','hepatitis B e antigen']"
"311","Genetic","e-antigen",
"312","Disease","bloodborne virus",
"313","Disease","wound",
"314","Disease","trauma",
"315","Disease","bloodborne infection",
"316","Disease","percutaneous injury",
"317","Disease","traumatic injuries",
"318","Disease","infectious disease",
"319","Genetic","hepatitis B immune globulin","['Hepatitis B immune globulin']"
"320","Disease","HBV-infection",
"321","Genetic","hepatitis B surface antibody",
"322","Genetic","hepatitis e-antigen",
"323","Disease","Hepatitis A","['hepatitis A']"
"324","Disease","infectious hepatitis",
"325","Disease","patitis D",
"326","Disease","jaundice",
"327","Genetic","Australia antigen",
"328","Genetic","hepatitis B surface antigen",
"329","Genetic","immunoglobulin class M",
"330","Genetic","IgM",
"331","Genetic","hepatitis B core antigen",
"332","Genetic","IgM anti-HBc",
"333","Genetic","immunoglobulin class G (IgG) anti-HBc",
"334","Genetic","IgG anti-HBc",
"335","Disease","acute hepatitis B",
"336","Disease","acute viral hepatitis",
"337","Disease","fever",
"338","Disease","nausea",
"339","Disease","abdominal discomfort",
"340","Disease","hepatic tenderness",
"341","Disease","hepatomegaly",
"342","Disease","splenomegaly",
"343","Genetic","HBIG",
"344","Disease","immune deficiencies",
"345","Disease","Chronic infection",
"346","Disease","chronic hepatitis",
"347","Disease","liver failure","['Liver failure']"
"348","Genetic","liver transaminase",
"349","Disease","rectal mucosal lesions",
"350","Disease","scratch",
"351","Disease","burns",
"352","Genetic","insulin",
"353","Chemical","aluminum","['Aluminum']"
"354","Chemical","neomycin",
"355","Chemical","olymyxin B",
"356","Chemical","treptomycin",
"357","Disease","sexually transmitted infection",
"358","Disease","STI",
"359","Disease","developmentally disabled","['Developmentally disabled']"
"360","Disease","end-stage renal disease",
"361","Disease","hepatitis C infection",
"362","Disease","chronic liver disease",
"363","Disease","fatty liver disease",
"364","Disease","autoimmune hepatitis",
"365","Chemical","aspartate",
"366","Genetic","aspartate aminotransferase",
"367","Disease","human immunodeficiency virus (HIV) infection",
"368","Disease","substance use disorder",
"369","Disease","HIV-infected",
"370","Disease","injuries",
"371","Disease","chronic illness",
"372","Genetic","anti-HBs antibody",
"373","Disease","allergic reaction",
"374","Disease","aphylaxis",
"375","Disease","ypersensitivity",
"376","Disease","anaphylaxis",
"377","Disease","allergic reactions",
"378","Disease","multiple sclerosis",
"379","Disease","Guillain-Barré syndrome","['Guillain-Barré Syndrome']"
"380","Disease","systemic lupus erythematosis",
"381","Disease","rheumatoid arthritis",
"382","Disease","pain",
"383","Disease","erythema",
"384","Disease","swelling",
"385","Disease","headache","['Headache']"
"386","Disease","chronic fatigue syndrome",
"387","Disease","neurologic disorders",
"388","Disease","leukoencephalitis",
"389","Disease","optic neuritis",
"390","Disease","transverse myelitis",
"391","Disease","type 1 diabetes",
"392","Disease","hair loss",
"393","Genetic","cdc",
"394","Disease","patitis B infection",
"395","Disease","alcoholic liver disease",
"396","Genetic","alanine aminotransferase",
"397","Disease","Infectious Diseases","['infectious Diseases']"
"398","Disease","liver conditions",
"399","Genetic","adrq",
"400","Genetic","ayr",
"401","Genetic","ayw1",
"402","Genetic","ayw2",
"403","Genetic","ayw3",
"404","Genetic","ayw4",
"405","Genetic","adw2",
"406","Genetic","adw4",
"407","Disease","ST",
"408","Disease","dermatologic lesions",
"409","Disease","needle-stick injuries",
"410","Disease","vomiting",
"411","Disease","abdominal pain",
"412","Disease","Malaise",
"413","Disease","skin rash",
"414","Disease","arthralgia",
"415","Disease","arthritis",
"416","Disease","ronic infection",
"417","Disease","primary infections",
"418","Disease","human immunodeficiency virus infection",
"419","Disease","cirrhosis of the liver",
"420","Disease","patocellular carcinoma",
"421","Genetic","immunoglobulin class G",
"422","Genetic","IgG",
"423","Disease","patitis","['Patitis']"
"424","Disease","HCV infections",
"425","Disease","diabetes acutely infected with",
"426","Genetic","Hepatitis B Immune Globulins",
"427","Chemical","thimerosal",
"428","Chemical","Co",
"429","Disease","diphtheria tan",
"430","Disease","patitis A",
"431","Genetic","recombinant HBsAg",
"432","Chemical","Comvax",
"433","Genetic","maternal HBsAg",
"434","Disease","diabetes mellitus",
"435","Disease","chronic kidney disease",
"436","Disease","neurologic diseases",
"437","Disease","chronic diseases",
"438","Disease","autoimmune diseases",
"439","Disease","GBS",
"440","Disease","Bell’s palsy",
"441","Disease","autoimmune thyroid disease",
"442","Disease","hemolytic anemia",
"443","Disease","sudden-onset",
"444","Disease","sensorineural hearing loss",
"445","Disease","permanent disability",
"446","Disease","ythema",
"447","Disease","dizziness",
"448","Chemical","Twinrix",
"449","Disease","endemic hepatitis B virus (HBV) infection",
"450","Disease","hepatitis C virus infection",
"451","Disease","HIV infection",
"452","Chemical","partate",
"453","Genetic","partate aminotransferase",
"454","Genetic","maternal anti-HBc",
"455","Disease","STIs",
"456","Disease","AIDS",
"457","Chemical","chlorhexidine",
"458","Disease","HCP",
"459","Chemical","HBI",
"460","Disease","HC",
"461","Disease","rheumatologic or gastroenterologic disorders",
"462","Genetic","anti-HBs antibodies",
"463","Disease","hepatitis C","['Hepatitis C']"
"464","Disease","metabolic disorders",
"465","Disease","nonalcoholic fatty liver disease",
"466","Disease","NAFLD",
"467","Disease","bolic syndrome",
"468","Disease","liver dysfunction",
"469","Disease","chronic viral hepatitis B",
"470","Disease","cirrhosis due to HCV",
"471","Chemical","des-gamma carboxy",
"472","Genetic","des-gamma carboxy pro-thrombin",
"473","Genetic","AFP L3",
"474","Disease","malignancies",
"475","Chemical","gadolinium",
"476","Chemical","gadoxetate disodium",
"477","Chemical","gadoxetate",
"478","Disease","laustrophobia",
"479","Disease","acute kid-ney injury",
"480","Disease","chronic renal failure",
"481","Disease","anxiety",
"482","Disease","lignancy",
"483","Disease","extrahepatic disease",
"484","Chemical","ethanol",
"485","Chemical","acetic acid",
"486","Disease","Tumor","['tumor']"
"487","Disease","denovo tumor",
"488","Chemical","acyclic retinoids",
"489","Genetic","interferon ther- apy",
"490","Chemical","PI-88",
"491","Genetic","heparanase",
"492","Genetic","statin",
"493","Disease","cirrhosisa",
"494","Chemical","aceticacid",
"495","Disease","hepatic decompensation",
"496","Disease","hepatic dysfunction",
"497","Disease","organ shortage",
"498","Disease","LRT",
"499","Disease","RC",
"500","Disease","extrahepatic tumor",
"501","Disease","metastase",
"502","Disease","cular invasion",
"503","Disease","invasion",
"504","Disease","extra-hepatic disease",
"505","Disease","astatic disease",
"506","Chemical","sunitinib",
"507","Chemical","brivanib",
"508","Chemical","linifanib",
"509","Genetic","erlotinib",
"510","Disease","macrovascular disease",
"511","Disease","portal vein thrombosis",
"512","Disease","PVT",
"513","Chemical","sorafeniband",
"514","Chemical","TOG 1112",
"515","Disease","Live",
"516","Disease","Cancer",
"517","Disease","intrahepatic cholangiocarcinoma",
"518","Disease","IHC",
"519","Disease","Primary liver cancer","['primary liver cancer']"
"520","Disease","hepatitis B and C virus infection",
"521","Disease","primary liver tumor",
"522","Disease","liver neop",
"523","Treatment","lasms/radiother",
"524","Disease","liver toxicity",
"525","Disease","extrahepaticmetastatic disease",
"526","Chemical","carbon",
"527","Disease","ILD",
"528","Disease","liverfunction",
"529","Disease","RILD",
"530","Genetic","alkaline phosphatase",
"531","Disease","liver cancers",
"532","Disease","chronic obstructive pulmonary disease",
"533","Genetic","albumin",
"534","Disease","MVI",
"535","Disease","crosis",
"536","Disease","gastrointestinaland hepatic toxicities",
"537","Disease","liver lesions",
"538","Disease","vascular tumor",
"539","Disease","thrombi",
"540","Disease","rombus",
"541","Disease","portal vein tumor",
"542","Disease","vein tumor",
"543","Disease","thrombus",
"544","Disease","liver toxicities",
"545","Disease","portal vein thrombus",
"546","Disease","cirrhotic liver",
"547","Disease","liver decompensation",
"548","Chemical","ethiodol",
"549","Chemical","lipiodol",
"550","Disease","primary liver cancers",
"551","Disease","Toxicity","['toxicity']"
"552","Disease","portal or hepatic venous vascular obstruction",
"553","Disease","biliary obstruction",
"554","Chemical","ﬂuoropyr",
"555","Chemical","imidine",
"556","Disease","intra- and extrahepatic tumor",
"557","Disease","improved",
"558","Disease","cholangiocarcinoma",
"559","Disease","IHC disease",
"560","Disease","chronic medical",
"561","Disease","infectious diseases",
"562","Chemical","deoxynucleic acid",
"563","Genetic","anti-HBc antibody",
"564","Genetic","hepatitis B core antigen anti-HBs antibody",
"565","Genetic","HBeA",
"566","Disease","psoriasis",
"567","Disease","eczema",
"568","Disease","Percutaneous injuries",
"569","Genetic","recombinant HBsAg protein",
"570","Disease","Obese","['obese']"
"571","Disease","hypersensitivity to yeast",
"572","Disease","acute illness",
"573","Genetic","body Anti-HBs",
"574","Disease","hepatitis B infection",
"575","Chemical","BIG",
"576","Disease","tenderness",
"577","Disease","urticaria",
"578","Disease","gioedema",
"579","Disease","aphylactic reactions",
"580","Genetic","human immune globulin",
"581","Genetic","IG",
"582","Disease","HIV-positive",
"583","Genetic","owa",
"584","Disease","viral hepatitis B",
"585","Genetic","anti-HBc IgM",
"586","Genetic","HBsAg(+)",
"587","Disease","immune disorders",
"588","Disease","metabolic complications",
"589","Disease","yslipidemia",
"590","Disease","metabolic syndrome",
"591","Disease","fatty liver",
"592","Disease","variceal hemorrhage",
"593","Disease","hepatic encephalopathy",
"594","Genetic","HBeAg(+)",
"595","Genetic","HBeAg(-)",
"596","Genetic","anti-HBe(+)",
"597","Genetic","anti-HBe(-)",
"598","Disease","hepatitis D virus coinfection",
"599","Genetic","HBsAg(-)",
"600","Genetic","serum alpha-fetoprotein (AFP)2",
"601","Genetic","anti-HBc IgG",
"602","Disease","ALL",
"603","Disease","chronic hepatitis B infection",
"604","Disease","liver damage",
"605","Disease","Hepatitis D",
"606","Disease","hepatitis D virus",
"607","Disease","HDV infection",
"608","Disease","HBV disease",
"609","Disease","hepatitis b positive",
"610","Disease","chronic Hepatitis B",
"611","Disease","hepatitis b/hiV co-infections",
"612","Disease","kidney disease",
"613","Genetic","hepatitis B virus specific antigens",
"614","Genetic","Hepatitis B surface antigen",
"615","Genetic","Hepatitis B surface antibody",
"616","Genetic","hepatitis B core antibody",
"617","Disease","infection with hepatitis B virus",
"618","Genetic","IgM antibody",
"619","Genetic","HCV antibody",
"620","Disease","musculoskeletal",
"621","Disease","traumatic brain injury",
"622","Disease","schizophrenia",
"623","Disease","substance abuse",
"624","Disease","elevated liver enzymes",
"625","Genetic","alanine aminotransaminase",
"626","Disease","elevated liver function",
"627","Genetic","Hepatitis C antibody",
"628","Genetic","NS5b sequences",
"629","Genetic","E1",
"630","Genetic","HVR",
"631","Genetic","E1-HVR",
"632","Genetic","anti-HCV antibody",
"633","Disease","foodborne disease","['Foodborne Disease']"
"634","Disease","foodborne outbreak",
"635","Disease","foodborne diseases","['Foodborne diseases']"
"636","Disease","FTE",
"637","Disease","enteric illness",
"638","Disease","Listeria",
"639","Disease","food-borne disease",
"640","Disease","papilloma",
"641","Disease","anal intraepithelial neoplasia",
"642","Disease","AI",
"643","Disease","anal cancer",
"644","Disease","genital warts","['Genital warts']"
"645","Disease","penile cancers",
"646","Disease","oropharyngeal cancers",
"647","Disease","anal cancers",
"648","Disease","condylomata",
"649","Disease","respiratory papillomatosis",
"650","Disease","genital lesions",
"651","Disease","penile neoplasia",
"652","Disease","perineal neoplasia",
"653","Disease","perianal intraepithelial neoplasia",
"654","Disease","warts",
"655","Disease","oropharyngeal cancer",
"656","Disease","cervical intraepithelial neoplasia",
"657","Disease","CIN",
"658","Disease","adenocarcinoma",
"659","Disease","AIS",
"660","Disease","vulvar intraepithelial neoplasia",
"661","Disease","VIN",
"662","Disease","vaginal intraepithelial neoplasia",
"663","Disease","VaIN",
"664","Disease","nous thromboembolism",
"665","Disease","appendicitis",
"666","Disease","seizures",
"667","Disease","venous thromboembolism",
"668","Disease","AIN",
"669","Disease","penile cancer",
"670","Disease","CIN1/2",
"671","Disease","CIN2/3",
"672","Disease","VIN2",
"673","Disease","VaIN2",
"674","Disease","eulmina",
"675","Disease","diagnosed diabetes",
"676","Disease","nonalcoholic steatohepatitis",
"677","Disease","nonalcoholic liver disease",
"678","Chemical","vaccine",
"679","Disease","frailty",
"680","Disease","geriatric syndrome",
"681","Disease","asthma",
"682","Disease","carpal tunnel syndrome",
"683","Disease","hepatocel- lular carcinoma",
"684","Disease","cology",
"685","Disease","chronic",
"686","Disease","NASH",
"687","Disease","chronic hepatitis B virus infection",
"688","Genetic","stat",
"689","Genetic","alpha-fetoprotein",
"690","Genetic","FP",
"691","Disease","HCCs",
"692","Disease","cirrhotic",
"693","Chemical","HCC 2577",
"694","Disease","chronichepatitis B infection",
"695","Chemical","glutamine",
"696","Genetic","Glypican 3",
"697","Genetic","glutamine synthase",
"698","Genetic","HSP70",
"699","Disease","portalhypertension",
"700","Disease","patitis C virus",
"701","Chemical","vivantinib",
"702","Disease","BCLC",
"703","Disease","breast",
"704","Disease","breast cancer",
"705","Disease","colorectal cancer",
"706","Disease","lung cancer",
"707","Genetic","HBs",
"708","Disease","hepatocellular cancer",
"709","Genetic","p53",
"710","Chemical","hepatitis B immunoglobulin",
"711","Disease","Hepatocellular carcinoma",
"712","Genetic","APOBEC3",
"713","Disease","hepatocarcinogenesis",
"714","Genetic","hepatitis B virus",
"715","Genetic","miR-203a",
"716","Genetic","apolipoprotein E",
"717","Genetic","DNASE1L3",
"718","Disease","autoimmune diseases and tumors",
"719","Genetic","pre-S",
"720","Chemical","Interferon",
"721","Genetic","IL-2",
"722","Genetic","miR-106b",
"723","Genetic","apolipoprotein B",
"724","Genetic","RNAs",
"725","Chemical","Bulevirtide",
"726","Disease","chronic viral hepatitis",
"727","Genetic","Hepatitis B virus X protein",
"728","Genetic","farsenoid X receptor",
"729","Genetic","miR-125",
"730","Genetic","microRNAs",
"731","Genetic","miR-122",
"732","Genetic","Mst",
"733","Disease","carcinogenesis",
"734","Variant","rs6940552",
"735","Genetic","ZNRD1-AS1",
"736","Genetic","C30",
"737","Genetic","farnesoid X receptor",
"738","Genetic","HBxAg",
"739","Genetic","ARFIP2",
"740","Variant","R122 K",
"741","Genetic","reverse transcriptase",
"742","Genetic","miR-802",
"743","Genetic","SMARCE1",
"744","Genetic","MicroRNAs",
"745","Genetic","CIITA",
"746","Genetic","B7-H4",
"747","Genetic","SPHK1",
"748","Disease","cancers",
"749","Genetic","Sphingosine kinase 1",
"750","Genetic","GRP78",
"751","Disease","hepatocellular carcinomas",
"752","Genetic","XAP-1",
"753","Genetic","precore",
"754","Genetic","coronin 1A",
"755","Disease","hepatitis B virus‑associated hepatocellular carcinoma",
"756","Genetic","m6A",
"757","Genetic","Hepatitis Surface Antigen",
"758","Genetic","DNA",
"759","Chemical","Alcohol",
"760","Genetic","interleukin-18",
"761","Genetic","Aflatoxin-B1",
"762","Genetic","hepatitis B",
"763","Genetic","Helicobacter pylori",
"764","Genetic","HBV-X",
"765","Genetic","VP22",
"766","Disease","Hepatitis Bvrus",
"767","Genetic","Sirtuin 2",
"768","Genetic","SIRT2",
"769","Genetic","HBV",
"770","Genetic","fibroblast growth factor receptors",
"771","Genetic","methylenetetrahydrofolate reductase",
"772","Genetic","BAMBI",
"773","Genetic","β-catenin",
"774","Genetic","miR-221",
"775","Genetic","DNA methyl-transferase",
"776","Genetic","hepatitis B virus X protein",
"777","Genetic","androgen receptor",
"778","Genetic","glutathione-S-transferases",
"779","Genetic","JX-594",
"780","Disease","Fibrolamellar carcinoma",
"781","Genetic","Programmed cell death protein-1",
"782","Genetic","peroxiredoxin 2",
"783","Disease","hepatoma",
"784","Disease","hepatocarcinoma",
"785","Genetic","Hepatitis B virus",
"786","Disease","hepatocellular caracinoma",
"787","Genetic","IGF-II",
"788","Genetic","core protein",
"789","Genetic","HBV core protein",
"790","Chemical","prostaglandin E",
"791","Chemical","famciclovir",
"792","Genetic","Sirtuin 1",
"793","Genetic","miR-449a",
"794","Genetic","CREB5",
"795","Genetic","HBV entry receptor",
"796","Chemical","nH115a",
"797","Genetic","nuclear factor kappa-B",
"798","Genetic","Apolipoprotein E",
"799","Genetic","VEGF",
"800","Genetic","MUC16",
"801","Genetic","TP53",
"802","Genetic","NF-κB",
"803","Genetic","RPS3a",
"804","Genetic","ZBTB20",
"805","Disease","tumour",
"806","Genetic","p16",
"807","Chemical","metformin",
"808","Genetic","HULC",
"809","Disease","tumorigenesis",
"810","Genetic","aquaporin 5",
"811","Genetic","Hsp70-interacting protein",
"812","Genetic","lymphotoxin",
"813","Genetic","EpCAM",
"814","Genetic","CK19",
"815","Genetic","Na+-taurocholate cotransporting polypeptide",
"816","Chemical","nucleoside/nucleotide analogs",
"817","Genetic","Metadherin",
"818","Genetic","HBV X protein",
"819","Genetic","alpha fetoprotein",
"820","Genetic","osteopontin",
"821","Genetic","miRNA93",
"822","Genetic","telomerase",
"823","Variant","rs398652",
"824","Genetic","vitamin D receptor",
"825","Disease","chronic HBV infections",
"826","Genetic","microRNA-15b",
"827","Genetic","Globo H",
"828","Genetic","FUT2",
"829","Genetic","miR-15b",
"830","Genetic","fucosyltransferase 2",
"831","Disease","Chronic hepatitis B virus infection",
"832","Genetic","ATF6",
"833","Genetic","XRCC4",
"834","Genetic","MLL4",
"835","Genetic","N-ras",
"836","Disease","Tumour",
"837","Genetic","c-Jun",
"838","Genetic","WNK2",
"839","Genetic","TRIM58",
"840","Genetic","CD24",
"841","Genetic","preS1",
"842","Genetic","insulin-like growth factor II",
"843","Genetic","signal transducers and activators of transcription 5",
"844","Genetic","NKG2D",
"845","Genetic","SOCS3",
"846","Genetic","miR-328-3p",
"847","Chemical","nucleot(s)ide analogues",
"848","Genetic","beta-catenin",
"849","Genetic","colony stimulating factor 1 receptor",
"850","Genetic","MARCH5",
"851","Genetic","IL-18",
"852","Genetic","IL-12",
"853","Disease","hepatic cancers",
"854","Genetic","IL12",
"855","Disease","viral infections",
"856","Genetic","microRNA-1271",
"857","Variant","rs2070150",
"858","Disease","primary hepatocellular carcinoma",
"859","Genetic","hepatitis B virus surface antigen",
"860","Genetic","Pten",
"861","Genetic","transforming growth factor β",
"862","Genetic","IL28B",
"863","Disease","hepatic cirrhosis",
"864","Genetic","midkine",
"865","Genetic","p53AIP1",
"866","Genetic","miR-375",
"867","Genetic","miR-92a",
"868","Genetic","Pre-S deleted proteins",
"869","Genetic","Interleukin-8",
"870","Genetic","CTL",
"871","Chemical","ara-arabinoside monophosphate",
"872","Chemical","ganciclovir",
"873","Genetic","COX-2",
"874","Disease","metastasis",
"875","Genetic","cyclooxygenase-2",
"876","Chemical","celecoxib",
"877","Genetic","miR-145",
"878","Genetic","T cell receptor",
"879","Genetic","URI1",
"880","Genetic","DNA methyltransferase",
"881","Chemical","acitretin",
"882","Chemical","methotrexate",
"883","Genetic","reverse-transcriptase",
"884","Chemical","nucleos(t)ide analogs",
"885","Genetic","MiR-122",
"886","Disease","benign liver disease",
"887","Genetic","Toll-like receptor 3",
"888","Genetic","long noncoding RNAs",
"889","Genetic","miR-374b/421",
"890","Genetic","Ftx",
"891","Disease","liver tumors",
"892","Genetic","SELENBP1",
"893","Genetic","CEACAM1",
"894","Disease","portal vein invasion",
"895","Genetic","Alpha-fetoprotein",
"896","Genetic","MALAT1",
"897","Chemical","Short chain fatty acids",
"898","Disease","Chronic infection with hepatitis B virus",
"899","Genetic","ESPL1",
"900","Disease","chronic HBV-infection",
"901","Variant","F141L",
"902","Genetic","HB protein",
"903","Disease","hepatic malignancy",
"904","Genetic","CCR4",
"905","Genetic","haptoglobin",
"906","Disease","pancreatic cancer",
"907","Genetic","IL-4",
"908","Chemical","Nucleos(t)ide analogues",
"909","Genetic","tumor necrosis factor alpha",
"910","Disease","chronic HBV infection",
"911","Genetic","P16",
"912","Chemical","lonafarnib",
"913","Disease","liver fibrosis",
"914","Chemical","myrcludex B",
"915","Genetic","MiR-22",
"916","Genetic","Hepcidin",
"917","Disease","hepatocelluar carcinoma",
"918","Genetic","SH2D5",
"919","Genetic","SH2 domain-containing 5 (SH2D5",
"920","Genetic","PreS1",
"921","Genetic","CD133",
"922","Genetic","Sox2",
"923","Disease","tumorigeneses",
"924","Genetic","Klf4",
"925","Genetic","Long noncoding RNAs",
"926","Variant","G1764A",
"927","Genetic","EHMT2",
"928","Genetic","HLA class II",
"929","Genetic","UBE2L3",
"930","Genetic","STAT4",
"931","Genetic","TCF19",
"932","Genetic","IL-22",
"933","Disease","chronic liver diseases",
"934","Genetic","AKT",
"935","Genetic","IL-17A",
"936","Variant","miR-149C>T",
"937","Genetic","CTNNB1",
"938","Genetic","S",
"939","Genetic","GDF15",
"940","Variant","rs7756516",
"941","Variant","rs477515",
"942","Genetic","Transforming growth factor-beta",
"943","Genetic","TGF-beta1",
"944","Genetic","IFN-λ1",
"945","Genetic","Interferon lambda",
"946","Genetic","ELF4",
"947","Genetic","telomerase reverse transcriptase",
"948","Genetic","Toll-like receptor 9",
"949","Genetic","TLR9",
"950","Chemical","Lamivudine",
"951","Disease","lmphoma",
"952","Genetic","miR-143",
"953","Genetic","miR-21",
"954","Genetic","miR-106a",
"955","Genetic","cyclooxygenese-2",
"956","Genetic","hepatocystin",
"957","Genetic","Hepatocystin",
"958","Chemical","S-adenosylmethionine",
"959","Variant","rs2293152",
"960","Variant","rs7574865",
"961","Genetic","ETV4",
"962","Disease","liver hepatocellular carcinoma",
"963","Genetic","immunoinhibitory receptor",
"964","Genetic","microRNA-122",
"965","Genetic","basal core promoter",
"966","Genetic","hTERT",
"967","Genetic","miR-138",
"968","Genetic","MicroRNA-138",
"969","Chemical","curcumin",
"970","Chemical","lipid",
"971","Genetic","Carboxypeptidase D",
"972","Disease","malignancy",
"973","Genetic","microRNA-21",
"974","Genetic","interleukin-12",
"975","Disease","Chronic hepatitis B",
"976","Genetic","Hepatitis B virus X",
"977","Genetic","EZH2",
"978","Chemical","Entecavir",
"979","Genetic","IGF2AS",
"980","Genetic","CDC45",
"981","Variant","Rs11485985",
"982","Genetic","PTPN12",
"983","Genetic","KIRs",
"984","Genetic","miR-29",
"985","Variant","T1936C",
"986","Genetic","TAGLN",
"987","Chemical","JS-K",
"988","Genetic","growth arrest-specific 2",
"989","Genetic","OR4F3",
"990","Chemical","nucleoside analogs",
"991","Genetic","APOBEC2",
"992","Genetic","activating transcription factor 6",
"993","Genetic","JTB",
"994","Genetic","STAT3",
"995","Disease","viral load",
"996","Genetic","HbsAg",
"997","Genetic","INTS10",
"998","Genetic","MIR196A2",
"999","Disease","lymphatic metastasis",
"1000","Genetic","leptin receptor",
"1001","Genetic","interleukin-2",
"1002","Genetic","G6PD",
"1003","Genetic","mucin domain containing molecule 3",
"1004","Genetic","Programmed cell death protein 1",
"1005","Genetic","Fas receptor",
"1006","Genetic","Hepatitis B virus core protein",
"1007","Genetic","CtBP2",
"1008","Genetic","Carboxyl-terminal-binding protein 2",
"1009","Genetic","STIM1",
"1010","Chemical","Sphingosine-1-phosphate",
"1011","Genetic","TIP30",
"1012","Genetic","estrogen receptors",
"1013","Disease","chronic hepatitis B virus",
"1014","Genetic","Keap1",
"1015","Genetic","T1653",
"1016","Genetic","macrophage-stimulating protein α",
"1017","Genetic","Hedgehog",
"1018","Genetic","Gli",
"1019","Genetic","Gli1",
"1020","Chemical","Metformin",
"1021","Genetic","Smad3",
"1022","Disease","hepatocytic fibrocarcinogenesis",
"1023","Genetic","miR122",
"1024","Genetic","hsa-miR122",
"1025","Genetic","ERbeta",
"1026","Genetic","Estrogen receptor-alpha",
"1027","Genetic","estrogen receptor",
"1028","Genetic","WNT",
"1029","Genetic","P62",
"1030","Genetic","mutant hepatitis B virus",
"1031","Genetic","ZP1",
"1032","Genetic","BTBD17",
"1033","Genetic","DAB2IP",
"1034","Genetic","CD31",
"1035","Genetic","CD34",
"1036","Genetic","hepatitis B core-related antigen",
"1037","Genetic","ATG12",
"1038","Genetic","Interleukin (IL)-10",
"1039","Disease","cirrhotics",
"1040","Genetic","TTK",
"1041","Disease","multifocal hepatocellular carcinoma",
"1042","Chemical","aflatoxins",
"1043","Genetic","interleukin-6",
"1044","Genetic","mitogen-activated protein kinase",
"1045","Disease","advanced hepatocellular carcinoma",
"1046","Genetic","Survivin",
"1047","Disease","hepatocellular carcinogenesis",
"1048","Genetic","miR-126",
"1049","Genetic","miR-142-3p",
"1050","Genetic","TXNIP",
"1051","Genetic","Toll-like receptor 4",
"1052","Genetic","TLR4",
"1053","Genetic","TGF alpha",
"1054","Genetic","gamma-glutamyltransferase",
"1055","Genetic","aflatoxin B1",
"1056","Genetic","runt-related transcription factor 3",
"1057","Genetic","sPD-L1",
"1058","Genetic","HBs antigen",
"1059","Genetic","Glutamine synthetase",
"1060","Genetic","Gpbar1",
"1061","Genetic","TGR5",
"1062","Disease","liver tumor",
"1063","Genetic","p16INK4A",
"1064","Genetic","BAFF-R",
"1065","Genetic","B cell-activating factor",
"1066","Genetic","high-mobility group box 1",
"1067","Genetic","CDK7",
"1068","Genetic","Interleukin-21",
"1069","Genetic","miR-371a-5p",
"1070","Genetic","pre-S2",
"1071","Genetic","Nijmegen breakage syndrome 1",
"1072","Genetic","S2",
"1073","Genetic","Telomerase reverse transcriptase",
"1074","Variant","rs188519172",
"1075","Genetic","mircoRNA-224",
"1076","Genetic","miR-132",
"1077","Genetic","Spindlin1",
"1078","Disease","Hepatitis B virus infection",
"1079","Genetic","Suz12",
"1080","Genetic","DNA methyltransferases",
"1081","Genetic","Znf198",
"1082","Genetic","Cyclin D2",
"1083","Genetic","CCND2",
"1084","Chemical","statins",
"1085","Genetic","multi-drug resistance protein 1",
"1086","Genetic","hypoxia-inducible factor 1α",
"1087","Chemical","apatinib",
"1088","Genetic","GNA14",
"1089","Genetic","HBcrAg",
"1090","Genetic","KIF4A",
"1091","Disease","cervical and lung cancer",
"1092","Genetic","Kinesin family member 4A",
"1093","Genetic","hepatitis C",
"1094","Genetic","IGF-1 Receptor",
"1095","Variant","G1896A",
"1096","Genetic","cytidine deaminases",
"1097","Genetic","cytidine deaminase",
"1098","Genetic","ERp57",
"1099","Genetic","PIK3CA",
"1100","Genetic","CD82",
"1101","Genetic","KAI1",
"1102","Genetic","IGFBP1",
"1103","Genetic","PLA2G2A",
"1104","Genetic","Phospholipase A2 group IIA",
"1105","Chemical","thymalfasin",
"1106","Genetic","APOBEC3s",
"1107","Genetic","SFRP5",
"1108","Genetic","frizzled-related proteins",
"1109","Disease","HBV-related hepatocellular carcinoma",
"1110","Variant","rs2562832",
"1111","Genetic","Ki-67",
"1112","Genetic","DNT10",
"1113","Genetic","HG63T1",
"1114","Genetic","XAF1",
"1115","Disease","gastric and bladder cancer",
"1116","Variant","rs8177832",
"1117","Genetic","c-kit",
"1118","Genetic","HBX",
"1119","Variant","R249S",
"1120","Genetic","HBV s",
"1121","Genetic","miR-199a-5p",
"1122","Genetic","C-reactive protein",
"1123","Genetic","CRP",
"1124","Disease","inflammatory",
"1125","Genetic","C-reactive protein (CRP",
"1126","Genetic","W28",
"1127","Variant","A80I/T/V",
"1128","Variant","L116I",
"1129","Chemical","nucleotide analogues",
"1130","Genetic","Lymphotoxin-β receptor",
"1131","Genetic","CD8",
"1132","Genetic","MyD88",
"1133","Genetic","Kazal1",
"1134","Genetic","SPINK1",
"1135","Genetic","il6",
"1136","Genetic","DARS2",
"1137","Genetic","Platelets",
"1138","Genetic","HepG2",
"1139","Genetic","SIGLEC-3",
"1140","Genetic","Alpha 1,6-fucosyltransferase 8",
"1141","Genetic","HBV receptor",
"1142","Variant","rs4646287",
"1143","Genetic","TLR2",
"1144","Genetic","β‑2‑glycoprotein I",
"1145","Genetic","Toll‑like receptor 4",
"1146","Genetic","Des-gamma-carboxyprothrombin",
"1147","Disease","hepatocellular tumors",
"1148","Genetic","URG4",
"1149","Genetic","miR-3",
"1150","Genetic","Yes-associated protein",
"1151","Genetic","TAZ",
"1152","Genetic","N-myc",
"1153","Genetic","c-myc",
"1154","Genetic","MMP-3",
"1155","Genetic","Jun activation domain-binding protein 1",
"1156","Genetic","JAB1",
"1157","Genetic","XRCC1",
"1158","Genetic","Cyp2E1",
"1159","Genetic","hOGG1",
"1160","Variant","rs619586",
"1161","Chemical","everolimus",
"1162","Genetic","mammalian target of rapamycin",
"1163","Genetic","B8",
"1164","Genetic","galectin-9",
"1165","Genetic","SCCA2",
"1166","Genetic","SCCA1",
"1167","Genetic","UCP",
"1168","Genetic","E2-EPF ubiquitin carrier protein",
"1169","Genetic","Akt",
"1170","Genetic","angiogenin",
"1171","Genetic","KIR",
"1172","Disease","tumours",
"1173","Disease","e antigenaemia",
"1174","Genetic","HBe",
"1175","Genetic","asparate aminotransferase",
"1176","Genetic","HBV RNA",
"1177","Genetic","IFN-位",
"1178","Genetic","miR-6",
"1179","Genetic","ASPP2",
"1180","Disease","chronic liver damage",
"1181","Disease","Hepatitis B virus",
"1182","Genetic","PTEN",
"1183","Disease","Hepatitis B Virus Infection","['hepatitis B virus infection']"
"1184","Disease","Hepatitis B","['hepatitis B','hepatitis b']"
"1185","Genetic","DDX17",
"1186","Disease","cancer metastasis",
"1187","Genetic","PCNAP1",
"1188","Genetic","fibrinogen-like protein 1",
"1189","Genetic","serum fibrinogen-like protein 1",
"1190","Genetic","HBV Pre-S",
"1191","Disease","HBV-induced liver disease",
"1192","Genetic","HBV-RNA",
"1193","Genetic","FoxO4",
"1194","Chemical","tocilizumab",
"1195","Disease","hematologic malignancies",
"1196","Genetic","circ_myotubularin 1",
"1197","Genetic","CD36",
"1198","Genetic","SOX9",
"1199","Genetic","NEDD4",
"1200","Genetic","interleukin 21",
"1201","Chemical","fat",
"1202","Disease","hepatic steatosis",
"1203","Chemical","Evans blue",
"1204","Genetic","CB1 receptors",
"1205","Genetic","CB1",
"1206","Variant","rs9380343",
"1207","Genetic","HBV large surface protein",
"1208","Genetic","SERINC5",
"1209","Genetic","thymidylate synthase",
"1210","Genetic","Prdx1",
"1211","Genetic","peroxiredoxin 1",
"1212","Genetic","CCR5D32",
"1213","Genetic","HBV core",
"1214","Chemical","ABI-H2158",
"1215","Chemical","bortezomib",
"1216","Disease","multiple myeloma",
"1217","Genetic","polymerase",
"1218","Disease","hepatitis-B",
"1219","Genetic","ATP5B",
"1220","Genetic","Cholesterol-25-hydroxylase",
"1221","Chemical","Ustekinumab",
"1222","Chemical","secukinumab",
"1223","Genetic","GP73",
"1224","Genetic","Ostm1",
"1225","Genetic","low-density lipoprotein receptor",
"1226","Chemical","stanozolol",
"1227","Disease","myeloproliferative neoplasms",
"1228","Chemical","ruxolitinib",
"1229","Genetic","GATA4",
"1230","Genetic","GATA binding protein 4",
"1231","Genetic","GATA binding protein 4 (GATA4",
"1232","Genetic","transforming growth factor 尾",
"1233","Chemical","Oleanolic acid",
"1234","Genetic","Sirt2",
"1235","Genetic","A10",
"1236","Genetic","homeobox A10",
"1237","Chemical","rituximab",
"1238","Disease","diffuse large B-cell lymphoma",
"1239","Genetic","KMT2B",
"1240","Chemical","vorinostat",
"1241","Chemical","Romidepsin",
"1242","Genetic","NAMPT",
"1243","Genetic","Nicotinamide phosphoribosyltransferase",
"1244","Disease","lymphoma",
"1245","Chemical","abatacept",
"1246","Genetic","toll-like receptor 2",
"1247","Genetic","CA19-9",
"1248","Genetic","SNHG20",
"1249","Chemical","troglitazone",
"1250","Genetic","peroxisome proliferator-activated receptor 纬",
"1251","Chemical","Ocrelizumab",
"1252","Genetic","PIN1",
"1253","Genetic","parvulin",
"1254","Genetic","PIN4",