"~id","~labels","name","alias"
"0","Disease","Hepatitis B Virus Infection","['hepatitis B virus infection','hepatitis B virus infections','HBV infection','HBV infections','HBV infections']"
"1","Disease","Hepatitis B","['hepatitis B','hepatitis b']"
"2","Disease","end-stage liver disease","['End-Stage Liver Disease']"
"3","Disease","liver cirrhosis","['Liver cirrhosis']"
"4","Disease","hepatocellular carcinoma","['Hepatocellular Carcinoma']"
"5","Disease","HCC",
"6","Disease","hepatitis","['Hepatitis']"
"7","Disease","serum hepatitis",
"8","Genetic","Australian antigen",
"9","Genetic","HBV surface antigen",
"10","Genetic","HBsAg",
"11","Genetic","HBV immunoglobulins",
"12","Genetic","HBsAg gene",
"13","Genetic","HBsAg protein",
"14","Genetic","anti-HBs","['Anti-HBs']"
"15","Genetic","HBeAg",
"16","Genetic","anti-HBe","['Anti-HBe']"
"17","Genetic","anti-HBc","['Anti-HBc']"
"18","Genetic","interferon-α",
"19","Chemical","lamivudine",
"20","Genetic","anti-HBV",
"21","Chemical","pegylated IFN",
"22","Chemical","Peg-IFN",
"23","Chemical","entecavir",
"24","Chemical","ETV",
"25","Chemical","tenofovir disoproxil fumarate",
"26","Chemical","TDF",
"27","Disease","hepatic inflammation",
"28","Disease","viral infection","['viral infections']"
"29","Disease","infected with HBV",
"30","Disease","liver disease","['Liver Disease']"
"31","Disease","chronic hepatitis B",
"32","Disease","CHB",
"33","Disease","infection","['infections']"
"34","Disease","inflammation",
"35","Genetic","ALT",
"36","Disease","HBV-infected",
"37","Disease","liver injury",
"38","Disease","cirrhosisis",
"39","Disease","cirrhosis",
"40","Disease","cirrhot","['Cirrhot']"
"41","Disease","death",
"42","Genetic","envelopeproteins",
"43","Genetic","core",
"44","Genetic","PreS1 promoter",
"45","Genetic","PreS2/S promoter",
"46","Genetic","X promoter",
"47","Genetic","EnhI",
"48","Genetic","EnhII",
"49","Genetic","5 kb PreC/C mRNA",
"50","Genetic","4 kb PreS1 mRNA",
"51","Genetic","PreS2/S",
"52","Genetic","7 kb X mRNA",
"53","Genetic","PreC/C ORF",
"54","Genetic","HBcAg",
"55","Genetic","P ORF",
"56","Genetic","HBV DNA polymerase",
"57","Genetic","PreS/S ORF",
"58","Genetic","X ORF",
"59","Genetic","X protein",
"60","Genetic","HBx",
"61","Genetic","rcDNA",
"62","Chemical","sodium",
"63","Genetic","L protein",
"64","Genetic","sodium taurocholate cotransporting polypeptide",
"65","Genetic","NTCP",
"66","Genetic","host RNA polymerase II",
"67","Genetic","DNA polymerase",
"68","Genetic","pgRNA",
"69","Genetic","pgRNA-polymerase ribonucleoprotein",
"70","Genetic","RNP",
"71","Genetic","core antigen polypeptide dimer",
"72","Genetic","envelope protein",
"73","Genetic","HSPG",
"74","Genetic","HBV promoter",
"75","Genetic","HBV genomic enhancer I",
"76","Genetic","EnhI/Xp",
"77","Genetic","enhancer II",
"78","Genetic","EnhII/Cp",
"79","Genetic","HBV EnhI",
"80","Genetic","X",
"81","Genetic","SP",
"82","Genetic","Xp",
"83","Genetic","C/EBP",
"84","Genetic","P53",
"85","Genetic","IRF",
"86","Genetic","NF1",
"87","Genetic","HNF3",
"88","Genetic","HNF4",
"89","Genetic","RXR",
"90","Genetic","PPAR",
"91","Genetic","COUPTF",
"92","Genetic","RFX1",
"93","Genetic","AP1",
"94","Genetic","CREB",
"95","Genetic","ATF2",
"96","Genetic","Cp",
"97","Genetic","SP1",
"98","Genetic","FTF",
"99","Genetic","HLF",
"100","Genetic","E4BP4",
"101","Genetic","COUPTF1",
"102","Genetic","ARP1",
"103","Genetic","FXR",
"104","Genetic","LRH1",
"105","Genetic","PGC1",
"106","Genetic","CBP",
"107","Genetic","SRC1",
"108","Genetic","PRMT1",
"109","Genetic","SBP",
"110","Genetic","APOBEC3B",
"111","Genetic","PRMT5",
"112","Genetic","PRKAA",
"113","Genetic","AMPK",
"114","Genetic","viral protein HBx",
"115","Chemical","calcium",
"116","Genetic","Pyk2",
"117","Genetic","FAK",
"118","Genetic","SMC5/6",
"119","Disease","liver inflammation",
"120","Genetic","Toll-like receptor",
"121","Genetic","retinoic acid receptor",
"122","Disease","immunity",
"123","Genetic","IFN-α",
"124","Genetic","Major histocompatibility complex class I","['MHC class I']"
"125","Genetic","IFN-γ",
"126","Genetic","IF",
"127","Genetic","IFN-α-2a",
"128","Genetic","IFN-α-2b",
"129","Genetic","IFN-α-1b",
"130","Disease","irrhosis",
"131","Genetic","IFN",
"132","Chemical","Peg",
"133","Genetic","Peg-IFN-α-2a",
"134","Chemical","Peg-IFN-α-2b",
"135","Chemical","LAM",
"136","Chemical","adefovir dipivoxil",
"137","Chemical","ADV",
"138","Disease","nephrotoxicity",
"139","Chemical","AD","['ad','adsorption']"
"140","Chemical","Telbivudine","['telbivudine']"
"141","Chemical","LdT",
"142","Chemical","nucleoside",
"143","Disease","fibrosis",
"144","Chemical","Tenofovir alafenamide","['tenofovir alafenamide']"
"145","Chemical","TAF",
"146","Disease","bone abnormality",
"147","Disease","renal abnormality",
"148","Chemical","Peg-IF",
"149","Chemical","ET",
"150","Genetic","Peg-IFN-α2a",
"151","Genetic","HBV polymerase",
"152","Genetic","ribonuclease H",
"153","Genetic","RNaseH",
"154","Chemical","retinoic acid",
"155","Chemical","nucleotide",
"156","Genetic","TLR-7",
"157","Genetic","TLR-8",
"158","Genetic","retinoic acid-inducible gene 1",
"159","Genetic","RIG-1",
"160","Genetic","nucleotide-binding oligomerization domain protein 2",
"161","Genetic","NOD-2",
"162","Genetic","programmed death receptor 1",
"163","Genetic","PD-1",
"164","Genetic","NTCP receptor",
"165","Genetic","TALENs",
"166","Genetic","Cas9",
"167","Genetic","CRIS",
"168","Genetic","Cas",
"169","Genetic","viral anti-gen",
"170","Chemical","ARC-520",
"171","Chemical","NVR 3–778",
"172","Chemical","JNJ-6379",
"173","Chemical","GLS4",
"174","Chemical","ABI-H0731",
"175","Chemical","Besifovir",
"176","Chemical","LB80380",
"177","Chemical","BSV",
"178","Chemical","ucleotide",
"179","Chemical","CMX157",
"180","Chemical","REP2139",
"181","Chemical","REP2165",
"182","Disease","CH","['Ch']"
"183","Genetic","Toll-like receptor 7",
"184","Genetic","programmed cell death-1",
"185","Genetic","anti-PD-1 antibody",
"186","Disease","esophageal varices",
"187","Chemical","yrosine",
"188","Chemical","sorafenib","['Sorafenib']"
"189","Chemical","lenvatinib",
"190","Genetic","tyrosine kinase",
"191","Chemical","atezo 1 bev",
"192","Chemical","tyrosine",
"193","Chemical","cab",
"194","Chemical","ozantinib",
"195","Chemical","gorafenib",
"196","Chemical","len",
"197","Chemical","vatinib",
"198","Chemical","nivolumab","['Nivolumab']"
"199","Disease","gastrointestinal cancer",
"200","Disease","liver cancer","['Liver Cancer','liver cancers']"
"201","Disease","cancer","['Cancer']"
"202","Disease","viral hepatitis","['Viral hepatitis']"
"203","Disease","hepatitis C virus infection","['HCV infection','hepatitis C virus infections','Hepatitis C virus infection','Hepatitis C virus infections','HCV infections']"
"204","Chemical","alcohol",
"205","Chemical","ﬂatoxin",
"206","Disease","obesity",
"207","Disease","diabetes","['Diabetes']"
"208","Disease","type II diabetes",
"209","Treatment","surgical",
"210","Treatment","liver-directed",
"211","Disease","toxicity",
"212","Chemical","cabozantinib",
"213","Genetic","AFP",
"214","Disease","injury",
"215","Chemical","Sorafen","['sorafen']"
"216","Disease","OS",
"217","Disease","hand-foot skin reaction",
"218","Disease","FSR",
"219","Disease","alopecia",
"220","Disease","fatigue",
"221","Disease","rash","['Rash']"
"222","Disease","desquamation",
"223","Disease","anorexia",
"224","Chemical","Lenvatinib","['lenvatinib']"
"225","Chemical","versus",
"226","Disease","teinuria",
"227","Disease","dysphonia",
"228","Disease","hypothyroidism",
"229","Disease","varices",
"230","Disease","FS",
"231","Disease","diarrhea",
"232","Chemical","bilirubin",
"233","Chemical","volumab",
"234","Chemical","gor",
"235","Disease","steatohepatitis",
"236","Disease","BC",
"237","Chemical","Reg",
"238","Chemical","orafenib",
"239","Disease","extrahepatic lesion",
"240","Disease","intrahepatic lesion",
"241","Chemical","regorafenib",
"242","Disease","ast","['AST']"
"243","Disease","hyponatremia",
"244","Chemical","alanine",
"245","Genetic","alanine transaminase",
"246","Disease","anemia",
"247","Chemical","atezo 1bev",
"248","Disease","portal hypertension",
"249","Disease","bleeding",
"250","Disease","variceal bleed",
"251","Disease","myocardial infarction",
"252","Disease","stroke",
"253","Disease","autoimmune disease",
"254","Disease","toxic",
"255","Disease","HCV",
"256","Disease","hypertension",
"257","Disease","HF",
"258","Chemical","abozantinib",
"259","Chemical","rafenib",
"260","Chemical","antinib",
"261","Disease","renal dysfunction",
"262","Genetic","FGF19",
"263","Genetic","FGFR4",
"264","Disease","encephalopathy",
"265","Disease","ascites",
"266","Disease","HBV or HCV",
"267","Disease","infection of the liver",
"268","Disease","liverfailure",
"269","Chemical","BS",
"270","Chemical","bozantinib",
"271","Chemical","regoraf",
"272","Chemical","sora",
"273","Chemical","ipilimumab",
"274","Disease","portal",
"275","Disease","Hepatitis B Virus","['hepatitis B virus']"
"276","Disease","human immunodeficiency virus",
"277","Disease","patitis B virus",
"278","Genetic","hepatitis B e-antigen",
"279","Disease","patitis B","['patitis b']"
"280","Disease","hepatitis C virus","['Hepatitis C virus','Hepatitis C Virus','HCV']"
"281","Chemical","glucose",
"282","Chemical","lamuvidine",
"283","Chemical","bacavir",
"284","Chemical","tenofovir","['Tenofovir']"
"285","Genetic","interferon",
"286","Genetic","interferon alpha",
"287","Genetic","pegylated interferon",
"288","Disease","HBV","['hbV']"
"289","Disease","bloodborne virus infection","['bloodborne virus infections']"
"290","Disease","HBV-In",
"291","Genetic","Hepatitis B e Antigen","['Hepatitis B e antigen','hepatitis B e antigen']"
"292","Genetic","e-antigen",
"293","Disease","bloodborne virus",
"294","Disease","wound",
"295","Disease","trauma",
"296","Disease","bloodborne infection","['bloodborne infection']"
"297","Disease","percutaneous injury",
"298","Disease","traumatic injury",
"299","Genetic","hepatitis B immune globulin","['Hepatitis B immune globulin']"
"300","Genetic","hepatitis B surface antibody",
"301","Genetic","hepatitis e-antigen",
"302","Disease","Hepatitis A","['hepatitis A']"
"303","Disease","infectious hepatitis",
"304","Disease","patitis D",
"305","Disease","jaundice",
"306","Genetic","Australia antigen",
"307","Genetic","hepatitis B surface antigen",
"308","Genetic","immunoglobulin class M",
"309","Genetic","IgM",
"310","Genetic","hepatitis B core antigen",
"311","Genetic","IgM anti-HBc",
"312","Genetic","immunoglobulin class G anti-HBc","['IgG anti-HBc']"
"313","Genetic","IgG anti-HBc",
"314","Disease","acute hepatitis B",
"315","Disease","acute viral hepatitis",
"316","Disease","fever",
"317","Disease","nausea",
"318","Disease","abdominal discomfort",
"319","Disease","hepatic tenderness",
"320","Disease","hepatomegaly",
"321","Disease","splenomegaly",
"322","Genetic","HBIG",
"323","Disease","immune deficiency",
"324","Disease","Chronic infection","['Chronic infections']"
"325","Disease","chronic hepatitis",
"326","Disease","liver failure","['Liver failure']"
"327","Genetic","liver transaminase",
"328","Disease","rectal mucosal lesion",
"329","Disease","scratch",
"330","Genetic","insulin",
"331","Chemical","aluminum","['Aluminum']"
"332","Chemical","neomycin",
"333","Chemical","olymyxin B",
"334","Chemical","treptomycin",
"335","Disease","sexually transmitted infection",
"336","Disease","STI",
"337","Disease","developmentally disabled","['Developmentally disabled']"
"338","Disease","end-stage renal disease",
"339","Disease","hepatitis C infection","['hepatitis C infections']"
"340","Disease","chronic liver disease",
"341","Disease","fatty liver disease",
"342","Disease","autoimmune hepatitis",
"343","Chemical","aspartate",
"344","Genetic","aspartate aminotransferase",
"345","Disease","human immunodeficiency virus infection","['HIV infection','HIV infections','human immunodeficiency virus infections']"
"346","Disease","substance use disorder",
"347","Disease","HIV-infected",
"348","Disease","chronic illness",
"349","Disease","allergic reaction",
"350","Disease","aphylaxis",
"351","Disease","ypersensitivity",
"352","Disease","anaphylaxis",
"353","Disease","multiple sclerosis",
"354","Disease","Guillain-Barré syndrome","['Guillain-Barré Syndrome']"
"355","Disease","systemic lupus erythematosis",
"356","Disease","rheumatoid arthritis",
"357","Disease","pain",
"358","Disease","erythema",
"359","Disease","swelling",
"360","Disease","headache","['Headache']"
"361","Disease","chronic fatigue syndrome",
"362","Disease","neurologic disorder",
"363","Disease","leukoencephalitis",
"364","Disease","optic neuritis",
"365","Disease","transverse myelitis",
"366","Disease","type 1 diabetes",
"367","Disease","hair loss",
"368","Genetic","cdc",
"369","Disease","patitis B infection",
"370","Disease","alcoholic liver disease",
"371","Genetic","alanine aminotransferase",
"372","Disease","Infectious Disease","['infectious Disease','infectious disease']"
"373","Disease","liver condition",
"374","Genetic","adrq",
"375","Genetic","ayr",
"376","Genetic","ayw1",
"377","Genetic","ayw2",
"378","Genetic","ayw3",
"379","Genetic","ayw4",
"380","Genetic","adw2",
"381","Genetic","adw4",
"382","Disease","ST",
"383","Disease","dermatologic lesion",
"384","Disease","needle-stick injury",
"385","Disease","vomiting",
"386","Disease","abdominal pain",
"387","Disease","Malaise",
"388","Disease","skin rash",
"389","Disease","arthralgia",
"390","Disease","arthritis",
"391","Disease","ronic infection",
"392","Disease","primary infection","['primary infections']"
"393","Disease","cirrhosis of the liver",
"394","Disease","patocellular carcinoma",
"395","Genetic","immunoglobulin class G",
"396","Genetic","IgG",
"397","Disease","patitis","['Patitis']"
"398","Disease","diabetes acutely infected with",
"399","Genetic","Hepatitis B Immune Globulin",
"400","Chemical","thimerosal",
"401","Disease","diphtheria tan",
"402","Disease","patitis A",
"403","Genetic","recombinant HBsAg",
"404","Chemical","Comvax",
"405","Genetic","maternal HBsAg",
"406","Disease","diabetes mellitus",
"407","Disease","chronic kidney disease",
"408","Disease","neurologic disease",
"409","Disease","chronic disease",
"410","Disease","GBS",
"411","Disease","Bell’s palsy",
"412","Disease","autoimmune thyroid disease",
"413","Disease","hemolytic anemia",
"414","Disease","sudden-onset",
"415","Disease","sensorineural hearing loss",
"416","Disease","permanent disability",
"417","Disease","ythema",
"418","Disease","dizziness",
"419","Chemical","Twinrix",
"420","Disease","endemic hepatitis B virus infection","['endemic HBV infection','endemic HBV infections']"
"421","Disease","HIV infection","['HIV infections']"
"422","Chemical","partate",
"423","Genetic","partate aminotransferase",
"424","Genetic","maternal anti-HBc",
"425","Disease","STIs",
"426","Disease","AIDS",
"427","Chemical","chlorhexidine",
"428","Disease","HCP",
"429","Chemical","HBI",
"430","Disease","HC",
"431","Disease","rheumatologic or gastroenterologic disorders",
"432","Genetic","anti-HBs antibody","['anti-HBs antibodies']"
"433","Disease","hepatitis C","['Hepatitis C']"
"434","Disease","metabolic disorder","['metabolic disorders']"
"435","Disease","nonalcoholic fatty liver disease",
"436","Disease","NAFLD",
"437","Disease","bolic syndrome",
"438","Disease","liver dysfunction",
"439","Disease","chronic viral hepatitis B",
"440","Disease","cirrhosis due to HCV",
"441","Chemical","des-gamma carboxy",
"442","Genetic","des-gamma carboxy prothrombin",
"443","Genetic","AFP L3",
"444","Disease","malignancy","['malignancies']"
"445","Chemical","gadolinium",
"446","Chemical","gadoxetate disodium",
"447","Chemical","gadoxetate",
"448","Disease","laustrophobia",
"449","Disease","acute kidney injury",
"450","Disease","chronic renal failure",
"451","Disease","anxiety",
"452","Disease","lignancy",
"453","Disease","extrahepatic disease",
"454","Chemical","ethanol",
"455","Chemical","acetic acid",
"456","Disease","Tumor","['tumor','tumors']"
"457","Disease","denovo tumor",
"458","Chemical","acyclic retinoid","['acyclic retinoids']"
"459","Genetic","interferon therapy",
"460","Chemical","PI-88",
"461","Genetic","heparanase",
"462","Genetic","statin",
"463","Disease","cirrhosisa",
"464","Chemical","aceticacid",
"465","Disease","hepatic decompensation",
"466","Disease","hepatic dysfunction",
"467","Disease","organ shortage",
"468","Disease","LRT",
"469","Disease","RC",
"470","Disease","extrahepatic tumor",
"471","Disease","metastase",
"472","Disease","cular invasion",
"473","Disease","invasion",
"474","Disease","astatic disease",
"475","Chemical","sunitinib",
"476","Chemical","brivanib",
"477","Chemical","linifanib",
"478","Genetic","erlotinib",
"479","Disease","macrovascular disease",
"480","Disease","portal vein thrombosis",
"481","Disease","PVT",
"482","Chemical","sorafeniband",
"483","Chemical","TOG 1112",
"484","Disease","Live",
"485","Disease","Cancer",
"486","Disease","intrahepatic cholangiocarcinoma",
"487","Disease","IHC",
"488","Disease","Primary liver cancer","['primary liver cancer','primary liver cancers']"
"489","Disease","primary liver tumor",
"490","Disease","liver neop",
"491","Treatment","lasms/radiother",
"492","Disease","extrahepaticmetastatic disease",
"493","Chemical","carbon",
"494","Disease","ILD",
"495","Disease","liverfunction",
"496","Disease","RILD",
"497","Genetic","alkaline phosphatase",
"498","Disease","chronic obstructive pulmonary disease",
"499","Genetic","albumin",
"500","Disease","MVI",
"501","Disease","crosis",
"502","Disease","gastrointestinaland hepatic toxicity","['gastrointestinaland hepatic toxicities']"
"503","Disease","liver lesion","['liver lesions']"
"504","Disease","vascular tumor",
"505","Disease","thrombi",
"506","Disease","rombus",
"507","Disease","portal vein tumor",
"508","Disease","vein tumor",
"509","Disease","thrombus",
"510","Disease","liver toxicity","['liver toxicities']"
"511","Disease","portal vein thrombus",
"512","Disease","cirrhotic liver",
"513","Disease","liver decompensation",
"514","Chemical","ethiodol",
"515","Chemical","lipiodol",
"516","Disease","Toxicity","['toxicity']"
"517","Disease","portal venous vascular obstruction",
"518","Disease","hepatic venous vascular obstruction",
"519","Disease","biliary obstruction",
"520","Chemical","ﬂuoropyr",
"521","Chemical","imidine",
"522","Disease","intra- tumor",
"523","Disease","improved",
"524","Disease","cholangiocarcinoma",
"525","Disease","IHC disease",
"526","Disease","chronic medical",
"527","Chemical","deoxynucleic acid",
"528","Genetic","anti-HBc antibody",
"529","Genetic","hepatitis B core antigen anti-HBs antibody",
"530","Genetic","HBeA",
"531","Disease","psoriasis",
"532","Disease","eczema",
"533","Disease","Percutaneous injury","['Percutaneous injuries']"
"534","Genetic","recombinant HBsAg protein",
"535","Disease","Obese","['obese']"
"536","Disease","hypersensitivity to yeast",
"537","Disease","acute illness",
"538","Genetic","body Anti-HBs",
"539","Disease","hepatitis B infection","['hepatitis B infections']"
"540","Chemical","BIG",
"541","Disease","tenderness",
"542","Disease","urticaria",
"543","Disease","gioedema",
"544","Disease","aphylactic reaction","['aphylactic reactions']"
"545","Genetic","human immune globulin",
"546","Genetic","IG",
"547","Disease","HIV-positive",
"548","Genetic","owa",
"549","Disease","viral hepatitis B",
"550","Genetic","anti-HBc IgM",
"551","Genetic","HBsAg(+)",
"552","Disease","immune disorder","['immune disorders']"
"553","Disease","metabolic complication","['metabolic complications']"
"554","Disease","yslipidemia",
"555","Disease","metabolic syndrome",
"556","Disease","fatty liver",
"557","Disease","variceal hemorrhage",
"558","Disease","hepatic encephalopathy",
"559","Genetic","HBeAg(+)",
"560","Genetic","HBeAg(-)",
"561","Genetic","anti-HBe(+)",
"562","Genetic","anti-HBe(-)",
"563","Disease","hepatitis D virus coinfection",
"564","Genetic","HBsAg(-)",
"565","Genetic","serum alpha-fetoprotein","['serum AFP']"
"566","Genetic","anti-HBc IgG",
"567","Disease","ALL",
"568","Disease","liver damage",
"569","Disease","Hepatitis D",
"570","Disease","hepatitis D virus",
"571","Disease","HDV infection","['HDV infections','hepatitis D Virus infection','hepatitis D virus infection','Hepatitis D Virus infection','Hepatitis D virus infection','hepatitis D Virus infections','HDV infections']"
"572","Disease","HBV disease",
"573","Disease","hepatitis b positive",
"574","Disease","chronic Hepatitis B",
"575","Disease","hepatitis b/hiV coinfection",
"576","Disease","kidney disease",
"577","Genetic","hepatitis B virus specific antigen","['hepatitis B virus specific antigens']"
"578","Genetic","Hepatitis B surface antigen",
"579","Genetic","Hepatitis B surface antibody",
"580","Genetic","hepatitis B core antibody",
"581","Genetic","IgM antibody",
"582","Genetic","HCV antibody",
"583","Disease","musculoskeletal",
"584","Disease","traumatic brain injury",
"585","Disease","schizophrenia",
"586","Disease","substance abuse",
"587","Disease","elevated liver enzymes",
"588","Genetic","alanine aminotransaminase",
"589","Disease","elevated liver function",
"590","Genetic","Hepatitis C antibody",
"591","Genetic","NS5b sequences",
"592","Genetic","E1",
"593","Genetic","HVR",
"594","Genetic","E1-HVR",
"595","Genetic","anti-HCV antibody",
"596","Disease","foodborne disease","['Foodborne Disease','Foodborne Diseases','Foodborne diseases']"
"597","Disease","foodborne outbreak",
"598","Disease","FTE",
"599","Disease","enteric illness",
"600","Disease","Listeria",
"601","Disease","papilloma",
"602","Disease","anal intraepithelial neoplasia",
"603","Disease","AI",
"604","Disease","genital wart","['Genital warts','genital warts']"
"605","Disease","penile cancers",
"606","Disease","oropharyngeal cancer","['oropharyngeal cancers']"
"607","Disease","anal cancer","['anal cancers']"
"608","Disease","condylomata",
"609","Disease","respiratory papillomatosis",
"610","Disease","genital lesion","['genital lesions']"
"611","Disease","penile neoplasia",
"612","Disease","perineal neoplasia",
"613","Disease","perianal intraepithelial neoplasia",
"614","Disease","warts",
"615","Disease","cervical intraepithelial neoplasia",
"616","Disease","CIN",
"617","Disease","adenocarcinoma",
"618","Disease","AIS",
"619","Disease","vulvar intraepithelial neoplasia",
"620","Disease","VIN",
"621","Disease","vaginal intraepithelial neoplasia",
"622","Disease","VaIN",
"623","Disease","nous thromboembolism",
"624","Disease","appendicitis",
"625","Disease","seizure","['seizures']"
"626","Disease","venous thromboembolism",
"627","Disease","AIN",
"628","Disease","penile cancer",
"629","Disease","CIN1/2",
"630","Disease","CIN2/3",
"631","Disease","VIN2",
"632","Disease","VaIN2",
"633","Disease","eulmina",
"634","Disease","diagnosed diabetes",
"635","Disease","nonalcoholic steatohepatitis",
"636","Disease","nonalcoholic liver disease",
"637","Chemical","vaccine",
"638","Disease","frailty",
"639","Disease","geriatric syndrome",
"640","Disease","asthma",
"641","Disease","carpal tunnel syndrome",
"642","Disease","cology",
"643","Disease","chronic",
"644","Disease","NASH",
"645","Disease","chronic hepatitis B virus infection","['Chronic HBV infection','Chronic HBV infections','chronic hepatitis B virus infections']"
"646","Genetic","stat",
"647","Genetic","alphafetoprotein",
"648","Genetic","FP",
"649","Disease","HCCs",
"650","Disease","cirrhotic",
"651","Chemical","HCC 2577",
"652","Disease","chronichepatitis B infection",
"653","Chemical","glutamine",
"654","Genetic","Glypican 3",
"655","Genetic","glutamine synthase",
"656","Genetic","HSP70",
"657","Disease","portalhypertension",
"658","Disease","patitis C virus",
"659","Chemical","vivantinib",
"660","Disease","BCLC",
"661","Disease","breast",
"662","Disease","breast cancer",
"663","Disease","colorectal cancer",
"664","Disease","lung cancer",
"665","Genetic","HBs",
"666","Disease","hepatocellular cancer",
"667","Genetic","p53",
"668","Chemical","hepatitis B immunoglobulin",
"669","Disease","Hepatocellular carcinoma",
"670","Genetic","APOBEC3",
"671","Disease","hepatocarcinogenesis",
"672","Genetic","hepatitis B virus",
"673","Genetic","miR-203a",
"674","Genetic","apolipoprotein E",
"675","Genetic","DNASE1L3",
"676","Genetic","pre-S",
"677","Chemical","Interferon",
"678","Genetic","IL-2",
"679","Genetic","miR-106b",
"680","Genetic","apolipoprotein B",
"681","Genetic","RNAs",
"682","Chemical","Bulevirtide",
"683","Disease","chronic viral hepatitis",
"684","Genetic","Hepatitis B virus X protein",
"685","Genetic","farsenoid X receptor",
"686","Genetic","miR-125",
"687","Genetic","microRNAs",
"688","Genetic","miR-122",
"689","Genetic","Mst",
"690","Disease","carcinogenesis",
"691","Variant","rs6940552",
"692","Genetic","ZNRD1-AS1",
"693","Genetic","C30",
"694","Genetic","farnesoid X receptor",
"695","Genetic","HBxAg",
"696","Genetic","ARFIP2",
"697","Variant","R122 K",
"698","Genetic","reverse transcriptase",
"699","Genetic","miR-802",
"700","Genetic","SMARCE1",
"701","Genetic","MicroRNAs",
"702","Genetic","CIITA",
"703","Genetic","B7-H4",
"704","Genetic","SPHK1",
"705","Disease","cancers",
"706","Genetic","Sphingosine kinase 1",
"707","Genetic","GRP78",
"708","Disease","hepatocellular carcinomas",
"709","Genetic","XAP-1",
"710","Genetic","precore",
"711","Genetic","coronin 1A",
"712","Disease","hepatitis B virus‑associated hepatocellular carcinoma",
"713","Genetic","m6A",
"714","Genetic","Hepatitis Surface Antigen",
"715","Genetic","DNA",
"716","Genetic","CAPN2",
"717","Genetic","Apolipoprotein H",
"718","Chemical","Alcohol",
"719","Genetic","interleukin-18",
"720","Genetic","Aflatoxin-B1",
"721","Genetic","hepatitis B",
"722","Genetic","Helicobacter pylori",
"723","Genetic","HBV-X",
"724","Genetic","VP22",
"725","Disease","Hepatitis Bvrus",
"726","Genetic","Sirtuin 2",
"727","Genetic","SIRT2",
"728","Genetic","HBV",
"729","Genetic","fibroblast growth factor receptors",
"730","Genetic","methylenetetrahydrofolate reductase",
"731","Genetic","BAMBI",
"732","Genetic","β-catenin",
"733","Genetic","miR-221",
"734","Genetic","DNA methyl-transferase",
"735","Genetic","hepatitis B virus X protein",
"736","Genetic","androgen receptor",
"737","Genetic","glutathione-S-transferases",
"738","Genetic","JX-594",
"739","Disease","Fibrolamellar carcinoma",
"740","Genetic","Programmed cell death protein-1",
"741","Genetic","peroxiredoxin 2",
"742","Disease","hepatoma",
"743","Disease","hepatocarcinoma",
"744","Genetic","Hepatitis B virus",
"745","Disease","hepatocellular caracinoma",
"746","Genetic","IGF-II",
"747","Genetic","core protein",
"748","Genetic","HBV core protein",
"749","Chemical","prostaglandin E",
"750","Chemical","famciclovir",
"751","Genetic","Sirtuin 1",
"752","Genetic","miR-449a",
"753","Genetic","CREB5",
"754","Genetic","HBV entry receptor",
"755","Chemical","nH115a",
"756","Genetic","nuclear factor kappa-B",
"757","Genetic","Apolipoprotein E",
"758","Genetic","VEGF",
"759","Genetic","MUC16",
"760","Genetic","TP53",
"761","Genetic","NF-κB",
"762","Genetic","RPS3a",
"763","Genetic","ZBTB20",
"764","Disease","tumour",
"765","Genetic","p16",
"766","Chemical","metformin",
"767","Genetic","HULC",
"768","Disease","tumorigenesis",
"769","Genetic","aquaporin 5",
"770","Genetic","Hsp70-interacting protein",
"771","Genetic","lymphotoxin",
"772","Genetic","EpCAM",
"773","Genetic","CK19",
"774","Genetic","Na+-taurocholate cotransporting polypeptide",
"775","Chemical","nucleoside/nucleotide analogs",
"776","Genetic","Metadherin",
"777","Genetic","HBV X protein",
"778","Genetic","alpha fetoprotein",
"779","Genetic","osteopontin",
"780","Genetic","miRNA93",
"781","Genetic","telomerase",
"782","Variant","rs398652",
"783","Genetic","vitamin D receptor",
"784","Disease","chronic HBV infection",
"785","Genetic","microRNA-15b",
"786","Genetic","Globo H",
"787","Genetic","FUT2",
"788","Genetic","miR-15b",
"789","Genetic","fucosyltransferase 2",
"790","Disease","Chronic hepatitis B virus infection",
"791","Genetic","ATF6",
"792","Genetic","XRCC4",
"793","Genetic","MLL4",
"794","Genetic","alpha-fetoprotein",
"795","Genetic","N-ras",
"796","Disease","Tumour",
"797","Genetic","c-Jun",
"798","Genetic","WNK2",
"799","Genetic","TRIM58",
"800","Genetic","CD24",
"801","Genetic","preS1",
"802","Genetic","insulin-like growth factor II",
"803","Genetic","signal transducers",
"804","Genetic","activators of transcription",
"805","Genetic","NKG2D",
"806","Genetic","SOCS3",
"807","Genetic","miR-328-3p",
"808","Chemical","nucleot(s)ide analogues",
"809","Genetic","beta-catenin",
"810","Genetic","colony stimulating factor 1 receptor",
"811","Genetic","MARCH5",
"812","Genetic","IL-18",
"813","Genetic","IL-12",
"814","Disease","hepatic cancers",
"815","Genetic","IL12",
"816","Genetic","microRNA-1271",
"817","Variant","rs2070150",
"818","Disease","primary hepatocellular carcinoma",
"819","Genetic","hepatitis B virus surface antigen",
"820","Genetic","Pten",
"821","Genetic","transforming growth factor β",
"822","Genetic","IL28B",
"823","Disease","hepatic cirrhosis",
"824","Genetic","midkine",
"825","Genetic","p53AIP1",
"826","Genetic","miR-375",
"827","Genetic","miR-92a",
"828","Genetic","Pre-S deleted proteins",
"829","Genetic","Interleukin-8",
"830","Genetic","CTL",
"831","Chemical","ara-arabinoside monophosphate",
"832","Chemical","ganciclovir",
"833","Genetic","COX-2",
"834","Disease","metastasis",
"835","Genetic","cyclooxygenase-2",
"836","Chemical","celecoxib",
"837","Genetic","miR-145",
"838","Genetic","T cell receptor",
"839","Genetic","URI1",
"840","Genetic","DNA methyltransferase",
"841","Chemical","acitretin",
"842","Chemical","methotrexate",
"843","Genetic","reverse-transcriptase",
"844","Chemical","nucleos(t)ide analogs",
"845","Genetic","MiR-122",
"846","Disease","benign liver disease",
"847","Genetic","Toll-like receptor 3",
"848","Genetic","long noncoding RNAs",
"849","Genetic","miR-374b/421",
"850","Genetic","Ftx",
"851","Disease","liver tumor",
"852","Genetic","SELENBP1",
"853","Genetic","CEACAM1",
"854","Disease","portal vein invasion",
"855","Genetic","Alpha-fetoprotein",
"856","Genetic","MALAT1",
"857","Chemical","Short chain fatty acids",
"858","Disease","Chronic infection with hepatitis B virus",
"859","Genetic","ESPL1",
"860","Disease","chronic HBV-infection",
"861","Variant","F141L",
"862","Genetic","HB protein",
"863","Disease","hepatic malignancy",
"864","Genetic","CCR4",
"865","Genetic","haptoglobin",
"866","Disease","pancreatic cancer",
"867","Genetic","IL-4",
"868","Chemical","Nucleos(t)ide analogues",
"869","Genetic","tumor necrosis factor alpha",
"870","Genetic","P16",
"871","Chemical","lonafarnib",
"872","Disease","liver fibrosis",
"873","Chemical","myrcludex B",
"874","Genetic","MiR-22",
"875","Genetic","Hepcidin",
"876","Disease","hepatocelluar carcinoma",
"877","Genetic","SH2D5",
"878","Genetic","SH2 domain-containing 5 (SH2D5",
"879","Genetic","PreS1",
"880","Genetic","CD133",
"881","Genetic","Sox2",
"882","Disease","tumorigeneses",
"883","Genetic","Klf4",
"884","Genetic","RNA",
"885","Genetic","Long noncoding RNA",
"886","Variant","G1764A",
"887","Genetic","EHMT2",
"888","Genetic","HLA class II",
"889","Genetic","UBE2L3",
"890","Genetic","STAT4",
"891","Genetic","TCF19",
"892","Genetic","IL-22",
"893","Genetic","AKT",
"894","Genetic","IL-17A",
"895","Variant","miR-149C>T",
"896","Genetic","CTNNB1",
"897","Genetic","S",
"898","Genetic","GDF15",
"899","Variant","rs7756516",
"900","Variant","rs477515",
"901","Genetic","Transforming growth factor-beta",
"902","Genetic","TGF-beta1",
"903","Genetic","IFN-λ1",
"904","Genetic","Interferon lambda",
"905","Genetic","ELF4",
"906","Genetic","telomerase reverse transcriptase",
"907","Genetic","Toll-like receptor 9",
"908","Genetic","TLR9",
"909","Chemical","Lamivudine",
"910","Disease","lmphoma",
"911","Genetic","miR-143",
"912","Genetic","miR-21",
"913","Genetic","miR-106a",
"914","Genetic","cyclooxygenese-2",
"915","Genetic","hepatocystin",
"916","Genetic","Hepatocystin",
"917","Chemical","S-adenosylmethionine",
"918","Variant","rs2293152",
"919","Variant","rs7574865",
"920","Genetic","ETV4",
"921","Disease","liver hepatocellular carcinoma",
"922","Genetic","immunoinhibitory receptor",
"923","Genetic","microRNA-122",
"924","Genetic","basal core promoter",
"925","Genetic","hTERT",
"926","Genetic","miR-138",
"927","Genetic","MicroRNA-138",
"928","Chemical","curcumin",
"929","Chemical","lipid",
"930","Genetic","Carboxypeptidase D",
"931","Genetic","microRNA-21",
"932","Genetic","interleukin-12",
"933","Disease","Chronic hepatitis B",
"934","Genetic","Hepatitis B virus X",
"935","Genetic","EZH2",
"936","Chemical","Entecavir",
"937","Disease","chronic hepatitis B infection",
"938","Genetic","IGF2AS",
"939","Genetic","CDC45",
"940","Variant","Rs11485985",
"941","Genetic","PTPN12",
"942","Genetic","KIRs",
"943","Genetic","miR-29",
"944","Variant","T1936C",
"945","Genetic","TAGLN",
"946","Chemical","JS-K",
"947","Genetic","growth arrest-specific 2",
"948","Genetic","OR4F3",
"949","Chemical","nucleoside analogs",
"950","Genetic","APOBEC2",
"951","Genetic","activating transcription factor 6",
"952","Genetic","JTB",
"953","Genetic","STAT3",
"954","Disease","viral load",
"955","Genetic","HbsAg",
"956","Genetic","INTS10",
"957","Genetic","MIR196A2",
"958","Disease","lymphatic metastasis",
"959","Genetic","leptin receptor",
"960","Genetic","interleukin-2",
"961","Genetic","G6PD",
"962","Genetic","mucin domain containing molecule 3",
"963","Genetic","Programmed cell death protein 1",
"964","Genetic","Fas receptor",
"965","Genetic","Hepatitis B virus core protein",
"966","Genetic","CtBP2",
"967","Genetic","Carboxyl-terminal-binding protein 2",
"968","Genetic","STIM1",
"969","Chemical","Sphingosine-1-phosphate",
"970","Genetic","TIP30",
"971","Genetic","estrogen receptors",
"972","Disease","chronic hepatitis B virus",
"973","Genetic","Keap1",
"974","Genetic","T1653",
"975","Genetic","macrophage-stimulating protein α",
"976","Genetic","Hedgehog",
"977","Genetic","Gli",
"978","Genetic","Gli1",
"979","Chemical","Metformin",
"980","Genetic","Smad3",
"981","Disease","hepatocytic fibrocarcinogenesis",
"982","Genetic","miR122",
"983","Genetic","hsa-miR122",
"984","Genetic","ERbeta",
"985","Genetic","Estrogen receptor-alpha",
"986","Genetic","estrogen receptor",
"987","Genetic","WNT",
"988","Genetic","P62",
"989","Genetic","mutant hepatitis B virus",
"990","Genetic","ZP1",
"991","Genetic","BTBD17",
"992","Genetic","DAB2IP",
"993","Genetic","CD31",
"994","Genetic","CD34",
"995","Genetic","hepatitis B core-related antigen",
"996","Genetic","ATG12",
"997","Genetic","Interleukin (IL)-10",
"998","Disease","cirrhotics",
"999","Genetic","TTK",
"1000","Disease","multifocal hepatocellular carcinoma",
"1001","Chemical","aflatoxins",
"1002","Genetic","interleukin-6",
"1003","Genetic","mitogen-activated protein kinase",
"1004","Disease","advanced hepatocellular carcinoma",
"1005","Genetic","Survivin",
"1006","Disease","hepatocellular carcinogenesis",
"1007","Genetic","miR-126",
"1008","Genetic","miR-142-3p",
"1009","Genetic","TXNIP",
"1010","Genetic","Toll-like receptor 4",
"1011","Genetic","TLR4",
"1012","Genetic","TGF alpha",
"1013","Genetic","gamma-glutamyltransferase",
"1014","Genetic","aflatoxin B1",
"1015","Genetic","runt-related transcription factor 3",
"1016","Genetic","sPD-L1",
"1017","Genetic","HBs antigen",
"1018","Genetic","Glutamine synthetase",
"1019","Genetic","Gpbar1",
"1020","Genetic","TGR5",
"1021","Genetic","p16INK4A",
"1022","Genetic","BAFF-R",
"1023","Genetic","B cell-activating factor",
"1024","Genetic","high-mobility group box 1",
"1025","Genetic","CDK7",
"1026","Genetic","Interleukin-21",
"1027","Genetic","miR-371a-5p",
"1028","Genetic","pre-S2",
"1029","Genetic","Nijmegen breakage syndrome 1",
"1030","Genetic","S2",
"1031","Genetic","Telomerase reverse transcriptase",
"1032","Variant","rs188519172",
"1033","Genetic","mircoRNA-224",
"1034","Genetic","miR-132",
"1035","Genetic","Spindlin1",
"1036","Disease","Hepatitis B virus infection",
"1037","Genetic","Suz12",
"1038","Genetic","DNA methyltransferases",
"1039","Genetic","Znf198",
"1040","Genetic","Cyclin D2",
"1041","Genetic","CCND2",
"1042","Chemical","statins",
"1043","Genetic","multi-drug resistance protein 1",
"1044","Genetic","hypoxia-inducible factor 1α",
"1045","Chemical","apatinib",
"1046","Genetic","GNA14",
"1047","Genetic","HBcrAg",
"1048","Genetic","KIF4A",
"1049","Disease","cervical cancer",
"1050","Genetic","Kinesin family member 4A",
"1051","Genetic","hepatitis C",
"1052","Genetic","IGF-1 Receptor",
"1053","Variant","G1896A",
"1054","Genetic","cytidine deaminases",
"1055","Genetic","cytidine deaminase",
"1056","Genetic","ERp57",
"1057","Genetic","PIK3CA",
"1058","Genetic","CD82",
"1059","Genetic","KAI1",
"1060","Genetic","IGFBP1",
"1061","Genetic","PLA2G2A",
"1062","Genetic","Phospholipase A2 group IIA",
"1063","Chemical","thymalfasin",
"1064","Genetic","APOBEC3s",
"1065","Genetic","SFRP5",
"1066","Genetic","frizzled-related proteins",
"1067","Disease","HBV-related hepatocellular carcinoma",
"1068","Variant","rs2562832",
"1069","Genetic","Ki-67",
"1070","Genetic","DNT10",
"1071","Genetic","HG63T1",
"1072","Genetic","XAF1",
"1073","Disease","gastric cancer",
"1074","Disease","bladder cancer",
"1075","Variant","rs8177832",
"1076","Genetic","c-kit",
"1077","Genetic","HBX",
"1078","Variant","R249S",
"1079","Genetic","HBV s",
"1080","Genetic","miR-199a-5p",
"1081","Genetic","C-reactive protein",
"1082","Genetic","CRP",
"1083","Disease","inflammatory",
"1084","Genetic","C-reactive protein (CRP",
"1085","Genetic","W28",
"1086","Variant","A80I/T/V",
"1087","Variant","L116I",
"1088","Chemical","nucleotide analogues",
"1089","Genetic","Lymphotoxin-β receptor",
"1090","Genetic","CD8",
"1091","Genetic","MyD88",
"1092","Genetic","Kazal1",
"1093","Genetic","SPINK1",
"1094","Genetic","il6",
"1095","Genetic","DARS2",
"1096","Genetic","Platelets",
"1097","Genetic","HepG2",
"1098","Genetic","SIGLEC-3",
"1099","Genetic","Alpha 1,6-fucosyltransferase 8",
"1100","Genetic","HBV receptor",
"1101","Variant","rs4646287",
"1102","Genetic","TLR2",
"1103","Genetic","β‑2‑glycoprotein I",
"1104","Genetic","Toll‑like receptor 4",
"1105","Genetic","Des-gamma-carboxyprothrombin",
"1106","Disease","hepatocellular tumor",
"1107","Genetic","URG4",
"1108","Genetic","miR-3",
"1109","Genetic","Yes-associated protein",
"1110","Genetic","TAZ",
"1111","Genetic","N-myc",
"1112","Genetic","c-myc",
"1113","Genetic","MMP-3",
"1114","Genetic","Jun activation domain-binding protein 1",
"1115","Genetic","JAB1",
"1116","Genetic","XRCC1",
"1117","Genetic","Cyp2E1",
"1118","Genetic","hOGG1",
"1119","Variant","rs619586",
"1120","Chemical","everolimus",
"1121","Genetic","mammalian target of rapamycin",
"1122","Genetic","B8",
"1123","Genetic","galectin-9",
"1124","Genetic","SCCA2",
"1125","Genetic","SCCA1",
"1126","Genetic","UCP",
"1127","Genetic","E2-EPF ubiquitin carrier protein",
"1128","Genetic","Akt",
"1129","Genetic","angiogenin",
"1130","Genetic","KIR",
"1131","Disease","tumours",
"1132","Disease","e antigenaemia",
"1133","Genetic","HBe",
"1134","Genetic","asparate aminotransferase",
"1135","Genetic","HBV RNA",
"1136","Genetic","IFN-位",
"1137","Genetic","miR-6",
"1138","Genetic","ASPP2",
"1139","Disease","chronic liver damage",
"1140","Disease","Hepatitis B virus",
"1141","Genetic","PTEN",
"1142","Genetic","DDX17",
"1143","Disease","cancer metastasis",
"1144","Genetic","PCNAP1",
"1145","Genetic","fibrinogen-like protein 1",
"1146","Genetic","serum fibrinogen-like protein 1",
"1147","Genetic","HBV Pre-S",
"1148","Disease","HBV-induced liver disease",
"1149","Genetic","HBV-RNA",
"1150","Genetic","FoxO4",
"1151","Chemical","tocilizumab",
"1152","Disease","hematologic malignancies",
"1153","Genetic","circ_myotubularin 1",
"1154","Genetic","CD36",
"1155","Genetic","SOX9",
"1156","Genetic","NEDD4",
"1157","Genetic","interleukin 21",
"1158","Chemical","fat",
"1159","Disease","hepatic steatosis",
"1160","Chemical","Evans blue",
"1161","Genetic","CB1 receptors",
"1162","Genetic","CB1",
"1163","Variant","rs9380343",
"1164","Genetic","HBV large surface protein",
"1165","Genetic","SERINC5",
"1166","Genetic","thymidylate synthase",
"1167","Genetic","Prdx1",
"1168","Genetic","peroxiredoxin 1",
"1169","Genetic","CCR5D32",
"1170","Genetic","HBV core",
"1171","Chemical","ABI-H2158",
"1172","Chemical","bortezomib",
"1173","Disease","multiple myeloma",
"1174","Genetic","polymerase",
"1175","Disease","hepatitis-B",
"1176","Genetic","ATP5B",
"1177","Genetic","Cholesterol-25-hydroxylase",
"1178","Chemical","Ustekinumab",
"1179","Chemical","secukinumab",
"1180","Genetic","GP73",
"1181","Genetic","Ostm1",
"1182","Genetic","low-density lipoprotein receptor",
"1183","Chemical","stanozolol",
"1184","Disease","myeloproliferative neoplasms",
"1185","Chemical","ruxolitinib",
"1186","Genetic","GATA4",
"1187","Genetic","GATA binding protein 4",
"1188","Genetic","GATA binding protein 4 (GATA4",
"1189","Genetic","transforming growth factor 尾",
"1190","Chemical","Oleanolic acid",
"1191","Genetic","Sirt2",
"1192","Genetic","A10",
"1193","Genetic","homeobox A10",
"1194","Chemical","rituximab",
"1195","Disease","diffuse large B-cell lymphoma",
"1196","Genetic","KMT2B",
"1197","Chemical","vorinostat",
"1198","Chemical","Romidepsin",
"1199","Genetic","NAMPT",
"1200","Genetic","Nicotinamide phosphoribosyltransferase",
"1201","Disease","lymphoma",
"1202","Chemical","abatacept",
"1203","Genetic","toll-like receptor 2",
"1204","Genetic","CA19-9",
"1205","Genetic","SNHG20",
"1206","Chemical","troglitazone",
"1207","Genetic","peroxisome proliferator-activated receptor 纬",
"1208","Chemical","Ocrelizumab",
"1209","Genetic","PIN1",
"1210","Genetic","parvulin",
"1211","Genetic","PIN4",
"1212","Genetic","circ-RNF13",
"1213","Genetic","Ago2",
"1214","Genetic","miR-146a",
"1215","Genetic","HLA-DPB1",
"1216","Genetic","HMGB1",
"1217","Disease","donor fibrosis",
"1218","Genetic","IL-1",
"1219","Disease","idiopathic membranous nephropathy",
"1220","Genetic","IL-6",
"1221","Genetic","HBV DNA",
"1222","Disease","HBV-infection",
"1223","Genetic","HLA-DP",
"1224","Genetic","PI3K",
"1225","Genetic","PreS2",
"1226","Genetic","survivin",
"1227","Genetic","mPreS2",
"1228","Genetic","CTBP2",
"1229","Disease","Carcinoma",
"1230","Disease","Liver Neoplasms",
"1231","Genetic","HBV protein",
"1232","Genetic","FOXP3",
"1233","Genetic","interleukin (IL)-35",
"1234","Genetic","IL-35",
"1235","Genetic","IFI16",
"1236","Disease","invasive microbial infection",
"1237","Genetic","miR-17",
"1238","Genetic","IL12B",
"1239","Genetic","IL4RA",
"1240","Genetic","IL6",
"1241","Genetic","IFNGR1",
"1242","Genetic","EHBF",
"1243","Genetic","SAMD4A",
"1244","Genetic","ADAR1",
"1245","Genetic","Sodium taurocholate co-transporting polypeptide",
"1246","Chemical","bile acid",
"1247","Genetic","IL-1β",
"1248","Disease","HCV-infected",
"1249","Genetic","UBXN7",
"1250","Genetic","perforin",
"1251","Disease","HBV-DLC",
"1252","Genetic","Sirtuins",
"1253","Chemical","camrelizumab",
"1254","Genetic","KIR3DL1",
"1255","Genetic","KIR2DS1",
"1256","Genetic","KIR3DL2",
"1257","Genetic","NOD2",
"1258","Genetic","MD2",
"1259","Disease","liver complication",
"1260","Genetic","MD-2",
"1261","Genetic","CR1",
"1262","Genetic","CD4",
"1263","Genetic","TCR",
"1264","Genetic","ATG9A",
"1265","Genetic","PPHs",
"1266","Genetic","CCRK",
"1267","Genetic","HDAC11",
"1268","Genetic","Trypsin Inhibitor Kazal1",
"1269","Genetic","IFNα",
"1270","Genetic","Ifna",
"1271","Genetic","CCR5",
"1272","Chemical","Emtricitabine",
"1273","Genetic","IRS",
"1274","Genetic","CXCL14",
"1275","Disease","head and neck squamous cell carcinoma",
"1276","Genetic","nuclear factor kappa B",
"1277","Genetic","p38 Mitogen-Activated Protein Kinase",
"1278","Genetic","CDKN2A",
"1279","Disease","gestational diabetes mellitus",
"1280","Chemical","Adenosine Triphosphate",
"1281","Genetic","RT",
"1282","Disease","advanced liver disease",
"1283","Genetic","NAr",
"1284","Genetic","HLA-DQB1",
"1285","Genetic","miR-222",
"1286","Disease","HBV infected",
"1287","Genetic","IL-21",
"1288","Disease","chronic infection",
"1289","Genetic","IL-10",
"1290","Genetic","Par14",
"1291","Genetic","GAS5",
"1292","Chemical","Psoralen",
"1293","Genetic","PNPLA3",
"1294","Disease","HCC risk",
"1295","Genetic","adiponutrin",
"1296","Disease","Liver Neoplasm",
"1297","Genetic","SCAMP1",
"1298","Disease","HBV Infection",
"1299","Disease","HBV pathogenesis",
"1300","Genetic","Nucleotidyltransferase",
"1301","Genetic","Telomerase",
"1302","Genetic","CD19",
"1303","Disease","leukemia",
"1304","Genetic","Interleukin-6",
"1305","Genetic","SLC10A1",
"1306","Disease","complication",
"1307","Disease","hepatic fibrosis",
"1308","Disease","hepato-carcinogenesis",
"1309","Genetic","MiR-155",
"1310","Genetic","CA10",
"1311","Disease","HCC tumor",
"1312","Genetic","miR-27b",
"1313","Genetic","MTHFR",
"1314","Genetic","interferon-gamma",
"1315","Disease","hepatitis B viral infection",
"1316","Genetic","Interferon-gamma",
"1317","Genetic","PBMC",
"1318","Genetic","MMP-2",
"1319","Disease","viral hepatitis single",
"1320","Genetic","CHST4",
"1321","Chemical","prednisolone",
"1322","Chemical","melphalan",
"1323","Disease","myeloma",
"1324","Chemical","daratumumab",
"1325","Chemical","dexamethasone",
"1326","Disease","refractory myeloma",
"1327","Disease","Multiple Myeloma",
"1328","Genetic","HLA-DPA1",
"1329","Genetic","ISG20",
"1330","Genetic","YTHDF2",
"1331","Genetic","Heat shock protein 70",
"1332","Genetic","heat shock protein 90",
"1333","Genetic","B7-H3",
"1334","Genetic","SB7-H3",
"1335","Genetic","MB7-H3",
"1336","Genetic","MHBs",
"1337","Genetic","ENPP2",
"1338","Genetic","Toll-Like Receptor 4",
"1339","Genetic","Autophagy-Related Protein 7",
"1340","Genetic","CK1α",
"1341","Disease","hepatoma carcinoma",
"1342","Genetic","IFNAR1",
"1343","Genetic","CD40",
"1344","Genetic","CRISPR",
"1345","Genetic","ALKBH5",
"1346","Genetic","SATB1",
"1347","Genetic","miRNAs",
"1348","Disease","HBV-related disease",
"1349","Genetic","BIRC5",
"1350","Disease","Chronic HBV Infection",
"1351","Disease","cccDNA",
"1352","Disease","HBV cccDNA",
"1353","Chemical","Ivermectin",
"1354","Chemical","ivermectin",
"1355","Genetic","karyopherin α2",
"1356","Genetic","Protein-Arginine N-Methyltransferase",
"1357","Genetic","HNF4α",
"1358","Genetic","p36",
"1359","Genetic","MHC",
"1360","Genetic","ZHX2",
"1361","Chemical","Rituximab",
"1362","Genetic","HLA",
"1363","Genetic","CRISPR/Cas9",
"1364","Variant","2234-943X",
"1365","Genetic","miR-155",
"1366","Genetic","miR-210-3p",
"1367","Variant","S278527",
"1368","Genetic","IFN-λ",
"1369","Genetic","CTLA4",
"1370","Genetic","EphA2",
"1371","Genetic","p-GSK-3β",
"1372","Genetic","GSK-3β",
"1373","Genetic","MCPIP1",
"1374","Genetic","Interleukin-37",
"1375","Genetic","IL-37",
"1376","Chemical","corticosteroid",
"1377","Patient","HBV patient",
"1378","Genetic","IL-23",
"1379","Disease","malignant",
"1380","Genetic","miRNA",
"1381","Genetic","DTNA",
"1382","Disease","hematological or solid organ malignancies",
"1383","Genetic","CHB",
"1384","Genetic","CHEK2",
"1385","Genetic","GSTP1",
"1386","Disease","HCC cancer",
"1387","Genetic","SIRT6",
"1388","Genetic","HBc",
"1389","Genetic","ALDH2",
"1390","Disease","persistent infection",
"1391","Genetic","ADH1B",
"1392","Chemical","rosmarinic acid",
"1393","Genetic","interleukin 6",
"1394","Genetic","calpain 2",
"1395","Genetic","heme-oxygenase-1",
"1396","Genetic","Tim-3",
"1397","Genetic","sTim-3",
"1398","Variant","S1548686920300152",
"1399","Genetic","MDM2",
"1400","Genetic","toll-like receptor 7",
"1401","Variant","20211030IS",
"1402","Variant","20211030IS - 2056-7944",
"1403","Genetic","BST-2",
"1404","Genetic","USP18",
"1405","Genetic","glutathione S-transferase",
"1406","Genetic","GSTM1",
"1407","Disease","hepatitis B cirrhosis",
"1408","Genetic","FXYD6",
"1409","Genetic","miR-224",
"1410","Disease","HBV cirrhosis",
"1411","Genetic","TMEM2",
"1412","Genetic","CSNK2A3",
"1413","Genetic","RNA-Binding Protein",
"1414","Genetic","RNAi",
"1415","Disease","HBsAg-negative infection",
"1416","Genetic","miR-372",
"1417","Genetic","UHRF2",
"1418","Disease","acute infection",
"1419","Genetic","programmed death-1",
"1420","Chemical","cfDNA",
"1421","Chemical","fasiglifam",
"1422","Genetic","sirtuins 1",
"1423","Genetic","SIRT3",
"1424","Chemical","13-cis retinoic acid",
"1425","Disease","co-infection",
"1426","Chemical","ustekinumab",
"1427","Disease","Psoriasis",
"1428","Genetic","interferon-γ",
"1429","Genetic","STAU1",
"1430","Genetic","TARDBP",
"1431","Genetic","HCG4B",
"1432","Genetic","inositol hexakisphosphate kinase",
"1433","Genetic","Phosphotransferase",
"1434","Genetic","Phospho transferase",
"1435","Genetic","SMYD3",
"1436","Genetic","CYP26A1",
"1437","Disease","Hepatocarcinogenesis",
"1438","Genetic","NOX2",
"1439","Genetic","DNA sensors",
"1440","Genetic","DDX41",
"1441","Chemical","pterostilbine",
"1442","Disease","HCC proliferation",
"1443","Genetic","CXCL10",
"1444","Genetic","CXCL9",
"1445","Genetic","CXCL11",
"1446","Genetic","Fructose-1,6-bisphosphatase 1",
"1447","Genetic","Sp110",
"1448","Genetic","FBP1",
"1449","Disease","hepatitis B replication",
"1450","Genetic","MR1",
"1451","Disease","chronic HBV-infected",
"1452","Genetic","ATP1B3",
"1453","Genetic","nuclear factor-κB",
"1454","Chemical","Tocilizumab",
"1455","Disease","Rheumatoid Arthritis",
"1456","Disease","RA",
"1457","Genetic","miR-222-3p",
"1458","Genetic","Thrombospondin 1",
"1459","Genetic","beta Catenin",
"1460","Genetic","CASP8",
"1461","Genetic","RIPK3",
"1462","Disease","clinical manifestations",
"1463","Variant","S363123",
"1464","Genetic","S100A9",
"1465","Genetic","S100s",
"1466","Genetic","S100A8",
"1467","Disease","extrahepatic metastasis",
"1468","Chemical","LINC01431",
"1469","Genetic","type I protein arginine methyltransferase",
"1470","Genetic","CDC25",
"1471","Genetic","FIB-4",
"1472","Disease","non-significant fibrosis",
"1473","Genetic","AP1M1",
"1474","Genetic","JNK",
"1475","Variant","S1701-2163",
"1476","Genetic","IL-32",
"1477","Disease","Raft Valley fever virus",
"1478","Disease","Raft Valley fever",
"1479","Genetic","FN1",
"1480","Genetic","TERT",
"1481","Genetic","HLA class I",
"1482","Genetic","MAP1S",
"1483","Chemical","bulevirtide",
"1484","Genetic","CTLA-4",
"1485","Genetic","FAM26F",
"1486","Genetic","PreS1 nAbs",
"1487","Disease","Malignant Lymphoma",
"1488","Genetic","Apolipoprotein B",
"1489","Genetic","ubiquitin conjugating enzyme E2 L3 (UBE2L3",
"1490","Disease","chronic HBV (CHB) infection",
"1491","Disease","HBV (CHB) infection",
"1492","Disease","acute-on-chronic liver failure",
"1493","Chemical","Cisplatin",
"1494","Disease","Acute Kidney Injury",
"1495","Chemical","CDDP",
"1496","Genetic","sirtuin 4",
"1497","Genetic","SIRT4",
"1498","Disease","Lymphoma",
"1499","Genetic","PRDM1",
"1500","Genetic","zinc finger protein 1",
"1501","Genetic","IL-17",
"1502","Genetic","IP-10",
"1503","Genetic","miRNA-146a",
"1504","Disease","liver diseases",
"1505","Genetic","MCM2",
"1506","Genetic","IPO7",
"1507","Genetic","FZD7",
"1508","Genetic","ABCB6",
"1509","Genetic","TIMM9",
"1510","Genetic","ACAT1",
"1511","Genetic","IL-33",
"1512","Genetic","SAMHD1",
"1513","Genetic","CDK2",
"1514","Disease","persistent HBV infection",
"1515","Genetic","APN",
"1516","Genetic","Furin",
"1517","Genetic","IL-12A",
"1518","Genetic","IL-12B",
"1519","Variant","rs568408",
"1520","Variant","rs3212227",
"1521","Chemical","tofacitinib",
"1522","Chemical","efavirenz",
"1523","Disease","Hepatitis B Infection",
"1524","Genetic","DDX5",
"1525","Disease","drug resistance",
"1526","Disease","hepatic complications",
"1527","Chemical","chrysin",
"1528","Disease","chronic HBV disease",
"1529","Genetic","NLRP3",
"1530","Genetic","ficolin",
"1531","Disease","leprosy",
"1532","Genetic","FCN2",
"1533","Disease","coinfection",
"1534","Genetic","CCl4",
"1535","Genetic","interleukin 18 binding protein",
"1536","Genetic","PSME1",
"1537","Genetic","PSMA7",
"1538","Disease","co-infected",
"1539","Disease","end-stage liver cirrhosis",
"1540","Disease","inflammatory diseases",
"1541","Chemical","corticosteroids",
"1542","Genetic","C9",
"1543","Chemical","Tacrolimus",
"1544","Disease","primary nephropathy",
"1545","Disease","nephropathy",
"1546","Chemical","NVR 3-778",
"1547","Genetic","RNA binding protein",
"1548","Genetic","TOX",
"1549","Genetic","ESR1",
"1550","Variant","C1678T",
"1551","Genetic","TLR",
"1552","Genetic","PD1",
"1553","Genetic","TIM3",
"1554","Genetic","HMGA2",
"1555","Genetic","STC2",
"1556","Genetic","H19",
"1557","Genetic","L-Cn",
"1558","Disease","hepatitis D",
"1559","Genetic","IDO/IL-10",
"1560","Genetic","gMDSC",
"1561","Disease","chronicity",
"1562","Variant","rs12980275AG",
"1563","Variant","rs8099917",
"1564","Disease","chronic HCV infection",
"1565","Genetic","parvulin 14",
"1566","Genetic","parvulin 17",
"1567","Genetic","Par17",
"1568","Genetic","cccDNA",
"1569","Genetic","P8",
"1570","Disease","extra-hepatic organ failures",
"1571","Genetic","IL-24",
"1572","Genetic","p38 mitogen-activated protein kinase",
"1573","Genetic","HSPA8",
"1574","Disease","liver",
"1575","Disease","HBV-related diseases",
"1576","Genetic","sFGL2",
"1577","Disease","chronic lymphocytic leukemia",
"1578","Genetic","interleukin-21",
"1579","Variant","S2468",
"1580","Genetic","HBV X",
"1581","Genetic","ELAVL1",
"1582","Genetic","U3",
"1583","Genetic","CD25",
"1584","Genetic","GV1001",
"1585","Genetic","IRF3",
"1586","Genetic","IFNL3",
"1587","Genetic","MHC class II",
"1588","Variant","rs6568431",
"1589","Variant","rs548234",
"1590","Genetic","Galectin-9",
"1591","Genetic","Gal-9",
"1592","Disease","lymph node metastasis",
"1593","Genetic","programmed cell death protein-1",
"1594","Chemical","lenalidomide",
"1595","Chemical","Bortezomib",
"1596","Genetic","TIPE2",
"1597","Genetic","LSD1",
"1598","Disease","renal inflammation",
"1599","Genetic","APOH",
"1600","Genetic","SLC3A2",
"1601","Disease","Liver cancer",
"1602","Chemical","ciclopirox",
"1603","Genetic","poly(ADP-ribose) polymerase 1",
"1604","Genetic","PARP1",
"1605","Disease","intrauterine infection",
"1606","Disease","fibrotic",
"1607","Genetic","DEPDC5",
"1608","Genetic","FEN1",
"1609","Chemical","rabacfosadine",
"1610","Chemical","plerixafor",
"1611","Disease","LC",
"1612","Genetic","PPM1A",
"1613","Genetic","Smad2/3",
"1614","Genetic","PTX3",
"1615","Genetic","PPP1CB",
"1616","Genetic","CTCF",
"1617","Variant","sS114A",
"1618","Disease","HBsAg",
"1619","Genetic","mTOR",
"1620","Disease","chronic hepatitis D virus (HDV) infection",
"1621","Genetic","interferon α",
"1622","Genetic","WJ11",
"1623","Genetic","interleukin 10",
"1624","Genetic","IL10",
"1625","Disease","chronicity of hepatitis B",
"1626","Genetic","Interleukin-10",
"1627","Disease","infectious diseases",
"1628","Genetic","ERCC1",
"1629","Genetic","ERCC2",
"1630","Genetic","ERCC8",
"1631","Disease","recurrence",
"1632","Genetic","ERCC4",
"1633","Genetic","ERCC3",
"1634","Genetic","ERCC5",
"1635","Genetic","neuraminidase 1",
"1636","Genetic","NEU1",
"1637","Disease","functional abnormality",
"1638","Disease","DLBCL",
"1639","Genetic","CR-1",
"1640","Genetic","IQGAP1",
"1641","Genetic","Src",
"1642","Genetic","Src/FAK",
"1643","Genetic","Cytochrome p450 Oxidoreductase",
"1644","Genetic","cytochrome p450 oxidoreductase",
"1645","Chemical","durvalumab",
"1646","Chemical","ozogamicin",
"1647","Chemical","atezolizumab",
"1648","Chemical","Ozogamicin",
"1649","Genetic","hepcidin",
"1650","Chemical","b/tsDMARD",
"1651","Genetic","TKT",
"1652","Genetic","CLR",
"1653","Genetic","SUV39h1",
"1654","Disease","hepatocarcinogen",
"1655","Genetic","IFIT3",
"1656","Genetic","STAT2",
"1657","Genetic","AFB1",
"1658","Genetic","RAASF1A",
"1659","Genetic","RASSF1A",
"1660","Disease","neoplasm",
"1661","Disease","HCC susceptibility",
"1662","Genetic","programmed cell death protein 1",
"1663","Genetic","programmed death-ligand 1",
"1664","Chemical","ibrutinib",
"1665","Genetic","JAK3",
"1666","Variant","rs1053023",
"1667","Variant","rs2221903",
"1668","Genetic","IL-21 receptor",
"1669","Disease","Multiple Sclerosis",
"1670","Genetic","P30",
"1671","Chemical","Daunorubicin",
"1672","Disease","Carcinogenesis",
"1673","Genetic","APOBEC Deaminases",
"1674","Disease","HCC-B",
"1675","Disease","HCC-B tumor",
"1676","Genetic","c-MYC",
"1677","Disease","oncohematological diseases",
"1678","Disease","pancreatic tumor",
"1679","Genetic","DR5",
"1680","Genetic","Death receptor 5",
"1681","Genetic","sDR5",
"1682","Disease","mortality",
"1683","Genetic","SH",
"1684","Genetic","SFRP2",
"1685","Disease","acute myeloid leukemia",
"1686","Disease","liver damages",
"1687","Genetic","MBOAT7",
"1688","Genetic","TLR3",
"1689","Genetic","O-GlcNAc transferase",
"1690","Disease","oncogenic",
"1691","Disease","LIHC",
"1692","Genetic","interleukin 28B",
"1693","Genetic","TNIP1",
"1694","Variant","rs7708392",
"1695","Genetic","ASF1B",
"1696","Genetic","miR-135a",
"1697","Genetic","p38",
"1698","Genetic","p-p38",
"1699","Genetic","RASSF1",
"1700","Disease","Chronic Hepatitis B Virus infection",
"1701","Chemical","Ipilimumab",
"1702","Genetic","von Willebrand Factor",
"1703","Genetic","interleukin 1β",
"1704","Genetic","SRA",
"1705","Genetic","MiR-132",
"1706","Genetic","miR-340-5p",
"1707","Genetic","ATF7",
"1708","Disease","autoimmune",
"1709","Genetic","cGAS",
"1710","Variant","K122R",
"1711","Variant","M133L",
"1712","Genetic","CKMT1A",
"1713","Variant","20220331IS",
"1714","Variant","n335586",
"1715","Genetic","IL-8",
"1716","Genetic","CD20",
"1717","Disease","hematological malignancies",
"1718","Genetic","EFTUD2",
"1719","Disease","Hepatitis C Virus Infection",
"1720","Genetic","HIF-1α",
"1721","Genetic","miR-212",
"1722","Disease","HBV-related liver diseases",
"1723","Genetic","NFATc1",
"1724","Genetic","YTHDF1",
"1725","Genetic","CCL19",
"1726","Disease","hepatic APCs",
"1727","Disease","APCs",
"1728","Genetic","High-mobility group box 1 (HMGB1",
"1729","Disease","portal vein tumor thrombus",
"1730","Genetic","miR-34a",
"1731","Disease","venous metastasis",
"1732","Genetic","aldehyde dehydrogenase 2",
"1733","Genetic","Hyaluronan Receptors",
"1734","Genetic","NFATc3",
"1735","Genetic","DCH",
"1736","Disease","cholangitis",
"1737","Disease","biliary carcinoma",
"1738","Genetic","TM6SF2",
"1739","Disease","hematologic malignancy",
"1740","Genetic","Cav-1",
"1741","Genetic","GSK3β",
"1742","Chemical","CP",
"1743","Genetic","miR-487b",
"1744","Disease","Barcelona Clinic Liver Cancer",
"1745","Disease","Chronic Hepatitis B Virus Infection",
"1746","Chemical","methamphetamine",
"1747","Genetic","IL-11",
"1748","Genetic","IL-15",
"1749","Genetic","WDR5",
"1750","Genetic","ZNF382",
"1751","Genetic","miR-6867",
"1752","Genetic","AQP5",
"1753","Disease","HBV‑related liver cancer",
"1754","Genetic","CCL20",
"1755","Disease","tumor development",
"1756","Genetic","Toll-Like Receptor 3",
"1757","Genetic","CCND1",
"1758","Disease","HBV-HCC",
"1759","Genetic","IQGAP2",
"1760","Genetic","SENP3",
"1761","Genetic","PD-L1",
"1762","Chemical","Immunoglobulins",
"1763","Disease","Guatemala",
"1764","Genetic","miR‑210",
"1765","Disease","hepatitis B",
"1766","Genetic","miR‑155",
"1767","Disease","Lung Cancer",
"1768","Genetic","SNHG10",
"1769","Genetic","ATG5",
"1770","Genetic","CD28",
"1771","Disease","Liver Cirrhosis",
"1772","Genetic","miRNA-21",
"1773","Chemical","bile acids",
"1774","Genetic","MAP3K14",
"1775","Genetic","CD100",
"1776","Genetic","sCD100",
"1777","Genetic","Haptoglobins",
"1778","Genetic","ERK",
"1779","Genetic","PLK1",
"1780","Chemical","acetaminophen",
"1781","Disease","acute liver failure",
"1782","Genetic","IGF1",
"1783","Disease","ALF",
"1784","Genetic","cofilin",
"1785","Disease","HCC metastasis",
"1786","Genetic","Lim Kinases",
"1787","Chemical","Cyclosporine",
"1788","Disease","HCC diagnosis",
"1789","Disease","Diffuse Large B-Cell Lymphoma",
"1790","Genetic","MKI67",
"1791","Genetic","TGFB1",
"1792","Genetic","ATG16L1",
"1793","Genetic","DDB1",
"1794","Genetic","DDB2",
"1795","Genetic","FGL2",
"1796","Genetic","IFNLs",
"1797","Disease","acute HBV infection",
"1798","Disease","chronic hepatocellular carcinoma",
"1799","Genetic","HTLV 1&2",
"1800","Disease","genital or anal lesions",
"1801","Chemical","ARB-1467",
"1802","Chemical","AB-423",
"1803","Genetic","DPAGT1",
"1804","Disease","Hepatitis B infection",
"1805","Genetic","DNMT1",
"1806","Genetic","nuclear factor-kappa B",
"1807","Genetic","Akt/mTOR",
"1808","Chemical","bufalin",
"1809","Genetic","Cyclin-Dependent Kinase-Activating Kinase",
"1810","Disease","Kidney Toxicity",
"1811","Chemical","Tenofovir disoproxil fumarate",
"1812","Genetic","CXCL2",
"1813","Genetic","extracellular matrix 1",
"1814","Genetic","ECM1",
"1815","Genetic","PDZK1",
"1816","Genetic","γ-glutamyl transpeptidase",
"1817","Genetic","Id3",
"1818","Variant","rs2241880",
"1819","Genetic","Pre-S2",
"1820","Genetic","Toll-like receptors 7/8",
"1821","Genetic","Toll-Like Receptor 7",
"1822","Genetic","MSL2",
"1823","Genetic","NM23",
"1824","Variant","6594169",
"1825","Genetic","PSORS1C1",
"1826","Disease","HBV-AC",
"1827","Genetic","IFITM3",
"1828","Genetic","MICA",
"1829","Genetic","lin28B",
"1830","Genetic","NDC80",
"1831","Genetic","CDK1",
"1832","Genetic","CCNB1",
"1833","Disease","non-Hodgkin lymphoma",
"1834","Disease","Liver injury",
"1835","Chemical","Tofacitinib",
"1836","Genetic","TRIM26",
"1837","Genetic","Interleukin-17",
"1838","Disease","HBV chronic infection",
"1839","Disease","hypergammaglobulinemia",
"1840","Genetic","TRPC4AP",
"1841","Genetic","EVs",
"1842","Disease","HBV hepatitis",
"1843","Genetic","CCL22",
"1844","Genetic","MiR-23a",
"1845","Genetic","FasL",
"1846","Genetic","killer cell lectin-like receptor subfamily G member 1",
"1847","Genetic","KLRG1",
"1848","Genetic","HSH",
"1849","Genetic","HIV envelope",
"1850","Disease","syphilis",
"1851","Genetic","IL22",
"1852","Genetic","Interleukin(IL)-22",
"1853","Disease","chronic HBV-related liver diseases",
"1854","Disease","chronic HBV cirrhosis",
"1855","Chemical","N‑acetylcysteine",
"1856","Genetic","interleukin (IL)-34",
"1857","Genetic","IL-34",
"1858","Genetic","Hepatitis B core-related antigen",
"1859","Genetic","TIM-3",
"1860","Genetic","LAG-3",
"1861","Genetic","STAT1",
"1862","Genetic","miR-192-3p",
"1863","Genetic","growth differentiation factor 15",
"1864","Genetic","PTPN4",
"1865","Genetic","mir21",
"1866","Genetic","IRF-3",
"1867","Genetic","NUSAP1",
"1868","Genetic","miR-18b",
"1869","Genetic","AHNAK",
"1870","Disease","hepatopathy",
"1871","Genetic","STAP1",
"1872","Disease","HBsAg SC",
"1873","Genetic","CD3",
"1874","Chemical","Sirolimus",
"1875","Disease","chylous effusion",
"1876","Disease","Lymphangioleiomyomatosis",
"1877","Variant","rs1029728",
"1878","Variant","rs3130",
"1879","Disease","HIV-1 infection",
"1880","Chemical","Tenofovir alafenamide fumarate",
"1881","Genetic","14-3-3ζ",
"1882","Genetic","LEF-1",
"1883","Genetic","NQO1",
"1884","Chemical","dicoumarol",
"1885","Chemical","osimertinib",
"1886","Genetic","chemerin",
"1887","Disease","tumor-node-metastasis",
"1888","Disease","Leukemia",
"1889","Genetic","Interleukin-34",
"1890","Genetic","ACAT",
"1891","Disease","HCC disease",
"1892","Genetic","methylene tetrahydrofolate reductase",
"1893","Chemical","folic acid",
"1894","Chemical","Oligo Fucoidan",
"1895","Genetic","EGFR",
"1896","Genetic","HLA-C",
"1897","Disease","chronic Hepatitis B virus (HBV) infection",
"1898","Genetic","SOD2",
"1899","Genetic","JAK",
"1900","Genetic","STAT",
"1901","Disease","chronic hepatitis B virus (HBV) infection",
"1902","Genetic","CD44",
"1903","Disease","HBV-related liver disease",
"1904","Genetic","TNFR2",
"1905","Genetic","ITGB1",
"1906","Genetic","Integrin Beta 1",
"1907","Chemical","LINC01152",
"1908","Genetic","Stat3",
"1909","Genetic","CLEC18",
"1910","Disease","HBeAg loss",
"1911","Genetic","AHB",
"1912","Disease","poor cancer prognosis",
"1913","Disease","poor cancer",
"1914","Variant","- 1664-5553",
"1915","Genetic","interleukin 1-2B",
"1916","Genetic","rheumatoid factor",
"1917","Disease","chronic hepatitis B",
"1918","Genetic","Triggering Receptor",
"1919","Chemical","methylprednisolone",
"1920","Genetic","TRIM37",
"1921","Genetic","interleukin-17A",
"1922","Disease","HCC development",
"1923","Genetic","SHBs",
"1924","Disease","HBeAg-negative chronic infection",
"1925","Genetic","Tumor Suppressor Protein p53",
"1926","Genetic","TRIM38",
"1927","Genetic","HRT",
"1928","Variant","G2950A",
"1929","Chemical","Daclatasvir",
"1930","Disease","Liver Injury",
"1931","Chemical","daclatasvir",
"1932","Genetic","miR-196a2",
"1933","Genetic","RAD50",
"1934","Genetic","LHBs",
"1935","Disease","advanced non-small-cell lung cancer",
"1936","Disease","NSCLC",
"1937","Chemical","Sofosbuvir",
"1938","Chemical","sofosbuvir",
"1939","Genetic","ADAMTS18",
"1940","Disease","hypersplenism",
"1941","Genetic","NACC1",
"1942","Genetic","Interleukin28B",
"1943","Genetic","Ubiquitin specific peptidase 18",
"1944","Genetic","DLL3",
"1945","Genetic","HPCs",
"1946","Genetic","HER2",
"1947","Genetic","LASP1",
"1948","Genetic","RANBP2",
"1949","Disease","HBX-associated hepatoma",
"1950","Genetic","RANGAP1",
"1951","Genetic","MDSCs",
"1952","Disease","ACLF",
"1953","Chemical","esculetin",
"1954","Disease","HBV replication",
"1955","Genetic","K18",
"1956","Genetic","LHBS",
"1957","Disease","viral HBV carcinogenesis",
"1958","Genetic","eRF3b",
"1959","Genetic","interleukin-10",
"1960","Genetic","IRGM",
"1961","Genetic","Nec-1",
"1962","Genetic","snoRNAs",
"1963","Disease","Hepatocarcinoma",
"1964","Genetic","poly(ADP-ribose) polymerase",
"1965","Genetic","PARP2",
"1966","Chemical","NAFLD",
"1967","Genetic","PAR2",
"1968","Genetic","Beclin1",
"1969","Disease","vascular invasion",
"1970","Genetic","TDF",
"1971","Disease","virological relapse",
"1972","Disease","clinical relapse",
"1973","Disease","HBeAg-negative hepatitis",
"1974","Genetic","IL33",
"1975","Genetic","IL1RL1",
"1976","Disease","large cell lymphoma",
"1977","Genetic","MANF",
"1978","Disease","hepatic hemangioma",
"1979","Genetic","IL-7",
"1980","Genetic","KRAS",
"1981","Genetic","IL11",
"1982","Genetic","HNRNPA1",
"1983","Genetic","MAN1B1",
"1984","Genetic","golgi protein 73",
"1985","Genetic","ST2",
"1986","Disease","HBV-related liver cancer",
"1987","Genetic","sST2",
"1988","Disease","HBV infectious diseases",
"1989","Chemical","MC-LR",
"1990","Disease","acute hepatitis B",
"1991","Genetic","ferritin",