"~id","~start_node_id","~end_node_id","~relationship_type"
"0","707","708","Association"
"1","709","3","Association"
"2","60","263","Association"
"3","60","486","Association"
"4","60","3","Association"
"5","710","711","Negative"
"6","710","711","Correlation"
"7","712","713","Association"
"8","712","292","Association"
"9","714","3","Association"
"10","715","3","Association"
"11","716","463","Association"
"12","716","450","Association"
"13","614","3","Association"
"14","717","2","Association"
"15","717","718","Association"
"16","717","279","Association"
"17","717","3","Association"
"18","59","711","Association"
"19","719","711","Association"
"20","719","263","Association"
"21","719","486","Association"
"22","720","3","Negative"
"23","720","3","Correlation"
"24","9","31","Association"
"25","9","3","Association"
"26","721","39","Association"
"27","721","3","Association"
"28","110","204","Association"
"29","712","204","Association"
"30","19","2","Negative"
"31","19","2","Correlation"
"32","19","3","Negative"
"33","19","3","Correlation"
"34","709","711","Association"
"35","722","263","Association"
"36","722","486","Association"
"37","722","3","Association"
"38","723","711","Association"
"39","724","3","Association"
"40","725","726","Negative"
"41","725","726","Correlation"
"42","727","204","Association"
"43","727","3","Association"
"44","728","3","Association"
"45","729","3","Association"
"46","730","3","Association"
"47","731","3","Association"
"48","60","41","Association"
"49","60","711","Association"
"50","732","733","Association"
"51","734","3","Positive"
"52","734","3","Correlation"
"53","735","3","Association"
"54","736","3","Association"
"55","737","713","Association"
"56","737","3","Association"
"57","738","3","Association"
"58","739","3","Association"
"59","740","3","Association"
"60","741","3","Association"
"61","742","3","Association"
"62","743","3","Association"
"63","744","3","Association"
"64","745","3","Association"
"65","746","3","Association"
"66","747","205","Association"
"67","747","3","Association"
"68","747","748","Association"
"69","749","205","Association"
"70","749","3","Association"
"71","749","748","Association"
"72","750","713","Association"
"73","9","713","Association"
"74","709","751","Association"
"75","752","3","Association"
"76","752","263","Association"
"77","752","486","Association"
"78","709","263","Association"
"79","709","486","Association"
"80","752","751","Association"
"81","753","3","Association"
"82","754","755","Association"
"83","756","733","Association"
"84","60","713","Association"
"85","757","3","Association"
"86","758","3","Association"
"87","730","713","Association"
"88","759","3","Positive"
"89","759","3","Correlation"
"90","760","2","Association"
"91","760","3","Association"
"92","761","3","Association"
"93","738","711","Association"
"94","714","711","Association"
"95","762","711","Association"
"96","763","3","Association"
"97","764","3","Association"
"98","209","3","Positive"
"99","209","3","Correlation"
"100","765","766","Association"
"101","767","713","Association"
"102","768","713","Association"
"103","769","3","Association"
"104","770","3","Association"
"105","771","0","Association"
"106","771","3","Association"
"107","772","263","Association"
"108","772","486","Association"
"109","772","3","Association"
"110","773","3","Association"
"111","774","205","Association"
"112","774","3","Association"
"113","775","713","Association"
"114","776","713","Association"
"115","775","263","Association"
"116","775","486","Association"
"117","777","713","Association"
"118","778","3","Association"
"119","778","39","Association"
"120","779","3","Association"
"121","54","780","Association"
"122","54","3","Association"
"123","54","713","Association"
"124","781","5","Association"
"125","782","711","Association"
"126","709","783","Association"
"127","709","784","Association"
"128","785","786","Association"
"129","787","3","Association"
"130","788","3","Association"
"131","789","3","Association"
"132","790","1184","Negative"
"133","790","1184","Correlation"
"134","791","1184","Negative"
"135","791","1184","Correlation"
"136","792","263","Association"
"137","792","486","Association"
"138","792","205","Association"
"139","792","711","Association"
"140","793","3","Association"
"141","794","3","Association"
"142","795","3","Association"
"143","796","797","Negative"
"144","796","797","Correlation"
"145","798","2","Association"
"146","799","3","Association"
"147","799","279","Association"
"148","800","3","Association"
"149","801","3","Association"
"150","802","3","Association"
"151","803","3","Association"
"152","804","805","Association"
"153","804","3","Association"
"154","806","3","Association"
"155","753","31","Association"
"156","753","1184","Association"
"157","807","263","Negative"
"158","807","486","Negative"
"159","807","263","Correlation"
"160","807","486","Correlation"
"161","808","263","Association"
"162","808","486","Association"
"163","807","809","Negative"
"164","807","809","Correlation"
"165","810","263","Association"
"166","810","486","Association"
"167","811","3","Association"
"168","812","3","Association"
"169","813","3","Association"
"170","814","3","Association"
"171","815","816","Association"
"172","817","205","Association"
"173","817","3","Association"
"174","818","3","Association"
"175","819","3","Association"
"176","328","3","Association"
"177","820","3","Association"
"178","821","3","Association"
"179","822","3","Association"
"180","823","3","Positive"
"181","823","3","Correlation"
"182","824","3","Association"
"183","709","825","Association"
"184","826","3","Association"
"185","827","3","Association"
"186","828","3","Association"
"187","829","3","Association"
"188","830","3","Association"
"189","831","832","Association"
"190","833","205","Association"
"191","833","3","Association"
"192","834","711","Association"
"193","689","3","Association"
"194","835","733","Association"
"195","836","837","Association"
"196","805","837","Association"
"197","838","3","Association"
"198","839","3","Association"
"199","840","711","Association"
"200","841","204","Association"
"201","841","3","Association"
"202","842","3","Association"
"203","117","3","Association"
"204","843","3","Association"
"205","843","263","Association"
"206","843","486","Association"
"207","844","279","Association"
"208","844","31","Association"
"209","844","3","Association"
"210","845","0","Association"
"211","845","263","Association"
"212","845","486","Association"
"213","845","3","Association"
"214","846","347","Association"
"215","847","3","Negative"
"216","847","3","Correlation"
"217","848","3","Association"
"218","849","3","Association"
"219","850","3","Association"
"220","850","30","Association"
"221","850","362","Association"
"222","851","345","Association"
"223","852","3","Association"
"224","852","853","Association"
"225","852","39","Association"
"226","854","855","Association"
"227","856","711","Association"
"228","832","3","Association"
"229","857","31","Association"
"230","832","31","Association"
"231","858","859","Association"
"232","860","3","Association"
"233","861","3","Association"
"234","862","3","Association"
"235","862","863","Association"
"236","188","711","Negative"
"237","188","711","Correlation"
"238","864","3","Association"
"239","865","3","Association"
"240","866","3","Association"
"241","867","3","Association"
"242","724","205","Association"
"243","709","205","Association"
"244","868","711","Association"
"245","869","3","Association"
"246","870","30","Association"
"247","871","872","Comparison"
"248","873","3","Association"
"249","873","874","Association"
"250","875","3","Association"
"251","876","3","Negative"
"252","876","3","Correlation"
"253","877","263","Association"
"254","877","486","Association"
"255","877","733","Association"
"256","878","711","Association"
"257","878","263","Association"
"258","878","486","Association"
"259","879","263","Association"
"260","879","486","Association"
"261","879","3","Association"
"262","880","3","Association"
"263","566","881","Negative"
"264","566","881","Correlation"
"265","566","882","Negative"
"266","566","882","Correlation"
"267","883","3","Association"
"268","884","31","Negative"
"269","884","31","Correlation"
"270","885","886","Association"
"271","885","708","Association"
"272","887","711","Association"
"273","888","711","Association"
"274","889","3","Association"
"275","890","263","Association"
"276","890","486","Association"
"277","890","3","Association"
"278","813","751","Association"
"279","813","891","Association"
"280","892","205","Association"
"281","892","3","Association"
"282","893","894","Association"
"283","893","3","Association"
"284","895","3","Association"
"285","896","3","Association"
"286","896","204","Association"
"287","897","898","Association"
"288","899","31","Association"
"289","899","900","Association"
"290","899","3","Association"
"291","901","3","Association"
"292","902","3","Association"
"293","769","903","Association"
"294","862","31","Association"
"295","904","3","Association"
"296","905","3","Association"
"297","905","2","Association"
"298","905","906","Association"
"299","905","704","Association"
"300","907","3","Association"
"301","878","3","Association"
"302","908","31","Negative"
"303","908","31","Correlation"
"304","852","31","Association"
"305","909","910","Association"
"306","909","3","Association"
"307","911","205","Association"
"308","912","913","Negative"
"309","912","913","Correlation"
"310","914","913","Negative"
"311","914","913","Correlation"
"312","915","205","Association"
"313","915","3","Association"
"314","915","748","Association"
"315","915","263","Association"
"316","915","486","Association"
"317","916","31","Association"
"318","916","917","Association"
"319","916","574","Association"
"320","918","3","Association"
"321","919","3","Association"
"322","920","3","Association"
"323","920","921","Positive"
"324","920","921","Correlation"
"325","922","3","Association"
"326","920","923","Association"
"327","924","3","Association"
"328","84","3","Association"
"329","84","713","Association"
"330","724","711","Association"
"331","925","711","Association"
"332","762","3","Association"
"333","913","926","Association"
"334","927","3","Association"
"335","928","3","Association"
"336","929","3","Association"
"337","930","3","Association"
"338","931","3","Association"
"339","932","933","Association"
"340","932","692","Association"
"341","932","934","Association"
"342","935","933","Association"
"343","932","31","Association"
"344","932","3","Association"
"345","935","3","Association"
"346","936","205","Association"
"347","801","205","Association"
"348","801","748","Association"
"349","937","711","Association"
"350","801","711","Association"
"351","801","263","Association"
"352","801","486","Association"
"353","938","3","Association"
"354","711","709","Association"
"355","939","3","Association"
"356","940","3","Association"
"357","941","3","Association"
"358","942","3","Association"
"359","943","3","Association"
"360","943","205","Association"
"361","944","1184","Association"
"362","944","3","Association"
"363","945","1184","Association"
"364","945","3","Association"
"365","946","279","Association"
"366","947","3","Association"
"367","946","3","Association"
"368","947","279","Association"
"369","948","855","Association"
"370","949","855","Association"
"371","950","951","Negative"
"372","950","951","Correlation"
"373","952","3","Association"
"374","953","3","Association"
"375","954","3","Association"
"376","955","3","Association"
"377","955","713","Association"
"378","956","1183","Association"
"379","956","292","Association"
"380","957","292","Association"
"381","957","1183","Association"
"382","958","3","Negative"
"383","958","3","Correlation"
"384","958","252","Positive"
"385","958","252","Correlation"
"386","959","3","Positive"
"387","959","3","Correlation"
"388","960","31","Association"
"389","961","962","Association"
"390","709","713","Association"
"391","709","346","Association"
"392","19","263","Negative"
"393","19","486","Negative"
"394","19","263","Correlation"
"395","19","486","Correlation"
"396","19","204","Negative"
"397","19","204","Correlation"
"398","963","3","Association"
"399","964","3","Association"
"400","965","3","Association"
"401","966","3","Association"
"402","801","713","Association"
"403","967","3","Association"
"404","968","3","Association"
"405","969","970","Association"
"406","971","972","Association"
"407","971","3","Association"
"408","973","3","Association"
"409","974","3","Association"
"410","950","975","Association"
"411","976","3","Association"
"412","977","205","Association"
"413","977","3","Association"
"414","978","603","Negative"
"415","978","603","Correlation"
"416","979","3","Association"
"417","980","3","Association"
"418","981","0","Association"
"419","982","0","Association"
"420","982","3","Association"
"421","983","2","Association"
"422","983","3","Association"
"423","984","3","Association"
"424","731","204","Association"
"425","731","30","Association"
"426","731","604","Association"
"427","731","913","Association"
"428","985","3","Association"
"429","986","204","Association"
"430","987","204","Negative"
"431","987","204","Correlation"
"432","986","279","Association"
"433","988","711","Association"
"434","988","713","Association"
"435","989","3","Association"
"436","975","990","Negative"
"437","975","990","Correlation"
"438","991","204","Association"
"439","992","711","Association"
"440","993","205","Association"
"441","993","3","Association"
"442","993","263","Association"
"443","993","486","Association"
"444","994","3","Association"
"445","994","995","Association"
"446","996","3","Association"
"447","996","751","Association"
"448","997","3","Association"
"449","998","704","Association"
"450","998","3","Association"
"451","998","706","Association"
"452","998","263","Association"
"453","998","486","Association"
"454","998","999","Association"
"455","1000","3","Association"
"456","1001","3","Association"
"457","1002","711","Association"
"458","1003","3","Association"
"459","1004","3","Association"
"460","1005","346","Association"
"461","1006","346","Association"
"462","1007","263","Association"
"463","1007","486","Association"
"464","1008","3","Association"
"465","1007","3","Association"
"466","975","23","Negative"
"467","975","23","Correlation"
"468","1009","3","Association"
"469","1010","3","Association"
"470","1011","751","Association"
"471","1011","3","Association"
"472","1012","1013","Association"
"473","1012","3","Association"
"474","1012","31","Association"
"475","1014","205","Association"
"476","1014","784","Association"
"477","1015","3","Association"
"478","1016","711","Association"
"479","1017","3","Association"
"480","1018","3","Association"
"481","1019","3","Association"
"482","1020","31","Negative"
"483","1020","31","Correlation"
"484","1020","3","Negative"
"485","1020","3","Correlation"
"486","1021","1022","Association"
"487","1023","711","Association"
"488","1024","711","Association"
"489","709","891","Association"
"490","1025","279","Association"
"491","1026","279","Association"
"492","1025","3","Association"
"493","1026","3","Association"
"494","1027","3","Association"
"495","1028","3","Association"
"496","1029","3","Association"
"497","1030","3","Association"
"498","1031","3","Association"
"499","1032","3","Association"
"500","1033","3","Association"
"501","188","3","Negative"
"502","188","3","Correlation"
"503","1034","3","Association"
"504","1035","3","Association"
"505","1036","3","Association"
"506","1036","31","Association"
"507","23","31","Negative"
"508","23","31","Correlation"
"509","31","23","Negative"
"510","31","23","Correlation"
"511","1037","3","Association"
"512","978","910","Negative"
"513","978","910","Correlation"
"514","880","751","Association"
"515","880","204","Association"
"516","880","205","Association"
"517","880","910","Association"
"518","880","263","Association"
"519","880","486","Association"
"520","1038","1039","Association"
"521","1038","3","Association"
"522","1040","1041","Association"
"523","750","3","Association"
"524","1042","711","Positive"
"525","1042","711","Correlation"
"526","1043","3","Association"
"527","1043","263","Association"
"528","1043","486","Association"
"529","1044","1045","Association"
"530","1046","748","Association"
"531","1046","1047","Association"
"532","1048","3","Association"
"533","1048","2","Association"
"534","1049","3","Association"
"535","1050","3","Association"
"536","1050","298","Association"
"537","1051","204","Association"
"538","1052","204","Association"
"539","434","807","Negative"
"540","434","807","Correlation"
"541","1053","3","Association"
"542","1054","3","Association"
"543","709","733","Association"
"544","1055","3","Association"
"545","1056","3","Association"
"546","1057","30","Association"
"547","1057","0","Association"
"548","1057","205","Association"
"549","1058","3","Association"
"550","1059","3","Association"
"551","709","970","Association"
"552","1060","3","Association"
"553","1061","1062","Association"
"554","1061","31","Association"
"555","1061","3","Association"
"556","1063","31","Association"
"557","1064","3","Association"
"558","1065","3","Association"
"559","1066","3","Association"
"560","1067","3","Association"
"561","1068","205","Association"
"562","1068","3","Association"
"563","1068","910","Association"
"564","1069","711","Association"
"565","1069","874","Association"
"566","1070","1071","Association"
"567","1072","1071","Association"
"568","1073","3","Association"
"569","1074","711","Association"
"570","1075","711","Association"
"571","1076","713","Association"
"572","1076","263","Association"
"573","1076","486","Association"
"574","1076","3","Association"
"575","201","702","Negative"
"576","201","702","Correlation"
"577","1077","1078","Association"
"578","1077","3","Association"
"579","1079","204","Association"
"580","1080","713","Association"
"581","1079","713","Association"
"582","1081","204","Association"
"583","1080","204","Association"
"584","1081","713","Association"
"585","1082","263","Association"
"586","1082","486","Association"
"587","1083","263","Association"
"588","1083","486","Association"
"589","1082","3","Association"
"590","1083","3","Association"
"591","1084","692","Negative"
"592","1084","692","Correlation"
"593","1085","3","Association"
"594","1085","31","Association"
"595","1086","3","Association"
"596","1085","2","Association"
"597","188","265","Positive"
"598","188","265","Correlation"
"599","1087","3","Negative"
"600","1087","3","Correlation"
"601","1088","711","Association"
"602","1088","263","Association"
"603","1088","486","Association"
"604","937","3","Association"
"605","1089","3","Association"
"606","1090","3","Association"
"607","1090","1091","Association"
"608","1092","3","Association"
"609","1093","3","Association"
"610","777","3","Association"
"611","1094","711","Association"
"612","1095","31","Association"
"613","1096","3","Association"
"614","1097","3","Association"
"615","1098","263","Association"
"616","1098","486","Association"
"617","1098","3","Association"
"618","1099","711","Association"
"619","1099","205","Association"
"620","1100","205","Association"
"621","1100","3","Association"
"622","1101","3","Association"
"623","1102","31","Association"
"624","1102","3","Association"
"625","1103","3","Association"
"626","1104","2","Association"
"627","1103","279","Association"
"628","1104","3","Association"
"629","1103","2","Association"
"630","1105","711","Negative"
"631","1105","711","Correlation"
"632","1105","263","Negative"
"633","1105","486","Negative"
"634","1105","263","Correlation"
"635","1105","486","Correlation"
"636","1105","205","Negative"
"637","1105","205","Correlation"
"638","110","3","Association"
"639","1106","3","Association"
"640","724","874","Association"
"641","1107","3","Association"
"642","1107","713","Association"
"643","1108","1109","Association"
"644","1107","1109","Association"
"645","1108","713","Association"
"646","1110","711","Association"
"647","1111","711","Association"
"648","1112","3","Association"
"649","1113","3","Association"
"650","978","31","Negative"
"651","978","31","Correlation"
"652","1114","1115","Association"
"653","1114","3","Association"
"654","1114","263","Association"
"655","1114","486","Association"
"656","866","39","Association"
"657","866","5","Association"
"658","845","692","Association"
"659","845","31","Association"
"660","1116","3","Positive"
"661","1116","3","Correlation"
"662","982","205","Association"
"663","1117","3","Association"
"664","1118","711","Association"
"665","1118","263","Association"
"666","1118","486","Association"
"667","1118","39","Association"
"668","1119","39","Association"
"669","184","263","Association"
"670","184","486","Association"
"671","184","474","Association"
"672","1120","3","Association"
"673","1120","31","Association"
"674","1121","3","Association"
"675","1122","3","Association"
"676","1123","2","Association"
"677","1123","1124","Association"
"678","1123","3","Association"
"679","1125","3","Association"
"680","753","30","Association"
"681","753","2","Association"
"682","1126","3","Association"
"683","1127","2","Association"
"684","1128","2","Association"
"685","1126","30","Association"
"686","1126","2","Association"
"687","1129","3","Negative"
"688","1129","3","Correlation"
"689","1130","3","Association"
"690","1131","3","Association"
"691","1132","3","Association"
"692","1043","733","Association"
"693","1133","3","Association"
"694","1134","3","Association"
"695","1134","279","Association"
"696","1135","3","Association"
"697","1136","3","Association"
"698","1137","3","Association"
"699","1138","713","Association"
"700","1139","975","Association"
"701","1140","805","Association"
"702","1140","3","Association"
"703","65","3","Association"
"704","1141","3","Association"
"705","1142","0","Positive"
"706","1142","0","Correlation"
"707","1141","0","Association"
"708","65","0","Association"
"709","1143","34","Association"
"710","1143","3","Association"
"711","1144","3","Association"
"712","1145","3","Association"
"713","1146","3","Association"
"714","769","1147","Association"
"715","1148","3","Association"
"716","1149","346","Association"
"717","1149","1184","Association"
"718","1149","3","Association"
"719","1150","3","Association"
"720","1151","3","Association"
"721","1152","3","Association"
"722","1153","3","Association"
"723","1154","3","Association"
"724","878","1183","Association"
"725","1155","3","Association"
"726","1156","3","Association"
"727","1157","3","Association"
"728","1158","3","Association"
"729","1159","3","Association"
"730","303","31","Negative"
"731","303","31","Correlation"
"732","1160","3","Association"
"733","1161","3","Negative"
"734","1161","3","Correlation"
"735","1162","3","Association"
"736","1163","3","Association"
"737","1164","3","Association"
"738","31","807","Negative"
"739","31","807","Correlation"
"740","820","263","Association"
"741","820","486","Association"
"742","1165","292","Association"
"743","1166","292","Association"
"744","862","1013","Association"
"745","1167","263","Association"
"746","1167","486","Association"
"747","1167","713","Association"
"748","1168","713","Association"
"749","1169","3","Association"
"750","331","3","Association"
"751","1170","3","Association"
"752","1171","1172","Association"
"753","1171","362","Association"
"754","1171","1173","Association"
"755","1171","711","Association"
"756","19","396","Positive"
"757","19","396","Correlation"
"758","1174","3","Association"
"759","19","1175","Positive"
"760","19","1175","Correlation"
"761","1176","31","Association"
"762","1177","1184","Association"
"763","1177","3","Association"
"764","1178","31","Association"
"765","1179","1180","Association"
"766","1179","1181","Association"
"767","1182","3","Association"
"768","1182","603","Association"
"769","1185","874","Association"
"770","1185","205","Association"
"771","769","1186","Association"
"772","769","205","Association"
"773","1185","1186","Association"
"774","1187","3","Association"
"775","1187","713","Association"
"776","1188","1109","Association"
"777","1189","1109","Association"
"778","1190","30","Association"
"779","1190","1191","Association"
"780","1192","31","Association"
"781","1193","31","Association"
"782","1149","31","Association"
"783","1194","1195","Negative"
"784","1194","1195","Correlation"
"785","1196","3","Association"
"786","1196","263","Association"
"787","1196","486","Association"
"788","1176","913","Association"
"789","1197","31","Association"
"790","1197","136","Association"
"791","1197","347","Association"
"792","1198","205","Association"
"793","1198","39","Association"
"794","1199","263","Association"
"795","1199","486","Association"
"796","1199","733","Association"
"797","1199","3","Association"
"798","1200","39","Association"
"799","1200","913","Association"
"800","1200","3","Association"
"801","1201","1202","Positive"
"802","1201","1202","Correlation"
"803","1203","975","Negative"
"804","1203","975","Correlation"
"805","1204","3","Association"
"806","1205","3","Association"
"807","1206","1184","Association"
"808","1207","0","Association"
"809","1207","31","Association"
"810","1208","292","Association"
"811","980","711","Association"
"812","1209","711","Association"
"813","1209","205","Association"
"814","1210","39","Association"
"815","1211","3","Association"
"816","1210","3","Association"
"817","1212","910","Association"
"818","1213","687","Association"
"819","1214","687","Negative"
"820","1214","687","Correlation"
"821","1215","23","Cotreatment"
"822","1215","1216","Negative"
"823","1215","1216","Correlation"
"824","1217","1218","Association"
"825","1219","3","Association"
"826","1220","0","Association"
"827","1221","566","Negative"
"828","1221","566","Correlation"
"829","1222","566","Negative"
"830","1222","566","Correlation"
"831","1223","711","Association"
"832","1224","2","Association"
"833","1224","3","Association"
"834","1225","1184","Association"
"835","1225","33","Association"
"836","1225","0","Association"
"837","1225","3","Association"
"838","1226","1227","Negative"
"839","1226","1227","Correlation"
"840","1228","1227","Negative"
"841","1228","1227","Correlation"
"842","1229","3","Association"
"843","1230","3","Association"
"844","1231","3","Association"
"845","1149","204","Association"
"846","1182","204","Association"
"847","1149","263","Association"
"848","1149","486","Association"
"849","1232","3","Association"
"850","1233","3","Negative"
"851","1233","3","Correlation"
"852","163","3","Association"
"853","767","3","Association"
"854","1234","934","Association"
"855","1234","751","Association"
"856","1234","3","Association"
"857","767","751","Association"
"858","1235","3","Association"
"859","1236","3","Association"
"860","1237","1238","Negative"
"861","1237","1238","Correlation"
"862","1239","3","Association"
"863","1240","205","Negative"
"864","1240","205","Correlation"
"865","1241","205","Negative"
"866","1241","205","Correlation"
"867","1242","204","Association"
"868","1243","204","Association"
"869","1237","1244","Negative"
"870","1237","1244","Correlation"
"871","1245","381","Negative"
"872","1245","381","Correlation"
"873","23","1244","Negative"
"874","23","1244","Correlation"
"875","1246","0","Association"
"876","1247","517","Association"
"877","801","517","Association"
"878","1248","3","Association"
"879","1249","1250","Negative"
"880","1249","1250","Correlation"
"881","1249","0","Negative"
"882","1249","0","Correlation"
"883","1237","378","Negative"
"884","1237","378","Correlation"
"885","1251","378","Negative"
"886","1251","378","Correlation"
"887","1251","0","Negative"
"888","1251","0","Correlation"
"889","1252","3","Association"
"890","1253","3","Association"
"891","1254","3","Association"