"~id","~start_node_id","~end_node_id","~relationship_type"
"0","686","4","Association"
"1","687","4","Association"
"2","665","666","Association"
"3","688","4","Association"
"4","60","41","Association"
"5","60","669","Association"
"6","689","690","Association"
"7","691","4","Positive"
"8","691","4","Correlation"
"9","692","4","Association"
"10","693","4","Association"
"11","694","671","Association"
"12","694","4","Association"
"13","695","4","Association"
"14","696","4","Association"
"15","697","4","Association"
"16","698","4","Association"
"17","699","4","Association"
"18","700","4","Association"
"19","701","4","Association"
"20","667","4","Association"
"21","702","4","Association"
"22","703","4","Association"
"23","704","201","Association"
"24","704","4","Association"
"25","704","705","Association"
"26","706","201","Association"
"27","706","4","Association"
"28","706","705","Association"
"29","707","671","Association"
"30","10","671","Association"
"31","667","708","Association"
"32","709","4","Association"
"33","709","456","Association"
"34","667","456","Association"
"35","60","456","Association"
"36","709","708","Association"
"37","710","4","Association"
"38","711","712","Association"
"39","713","690","Association"
"40","60","671","Association"
"41","714","4","Association"
"42","715","4","Association"
"43","687","671","Association"
"44","718","4","Positive"
"45","718","4","Correlation"
"46","719","3","Association"
"47","719","4","Association"
"48","720","4","Association"
"49","695","669","Association"
"50","672","669","Association"
"51","721","669","Association"
"52","722","4","Association"
"53","723","4","Association"
"54","204","4","Positive"
"55","204","4","Correlation"
"56","724","725","Association"
"57","726","671","Association"
"58","727","671","Association"
"59","728","4","Association"
"60","729","4","Association"
"61","730","0","Association"
"62","730","4","Association"
"63","731","456","Association"
"64","731","4","Association"
"65","732","4","Association"
"66","733","201","Association"
"67","733","4","Association"
"68","734","671","Association"
"69","735","671","Association"
"70","734","456","Association"
"71","736","671","Association"
"72","737","4","Association"
"73","737","39","Association"
"74","738","4","Association"
"75","54","739","Association"
"76","60","4","Association"
"77","54","4","Association"
"78","668","669","Negative"
"79","54","671","Association"
"80","740","6","Association"
"81","741","669","Association"
"82","667","742","Association"
"83","667","743","Association"
"84","744","745","Association"
"85","746","4","Association"
"86","747","4","Association"
"87","748","4","Association"
"88","749","1","Negative"
"89","749","1","Correlation"
"90","750","1","Negative"
"91","750","1","Correlation"
"92","751","456","Association"
"93","751","201","Association"
"94","751","669","Association"
"95","752","4","Association"
"96","753","4","Association"
"97","754","4","Association"
"98","755","756","Negative"
"99","755","756","Correlation"
"100","757","3","Association"
"101","758","4","Association"
"102","758","456","Association"
"103","759","4","Association"
"104","760","4","Association"
"105","761","4","Association"
"106","762","4","Association"
"107","668","669","Correlation"
"108","763","764","Association"
"109","763","4","Association"
"110","765","4","Association"
"111","710","31","Association"
"112","710","1","Association"
"113","766","456","Negative"
"114","766","456","Correlation"
"115","670","671","Association"
"116","767","456","Association"
"117","766","768","Negative"
"118","766","768","Correlation"
"119","769","456","Association"
"120","770","4","Association"
"121","771","4","Association"
"122","772","4","Association"
"123","773","4","Association"
"124","774","775","Association"
"125","776","201","Association"
"126","776","4","Association"
"127","777","4","Association"
"128","778","4","Association"
"129","307","4","Association"
"130","779","4","Association"
"131","780","4","Association"
"132","781","4","Association"
"133","782","4","Positive"
"134","782","4","Correlation"
"135","783","4","Association"
"136","670","275","Association"
"137","667","784","Association"
"138","785","4","Association"
"139","786","4","Association"
"140","787","4","Association"
"141","788","4","Association"
"142","789","4","Association"
"143","790","791","Association"
"144","792","201","Association"
"145","792","4","Association"
"146","793","669","Association"
"147","794","4","Association"
"148","795","690","Association"
"149","796","797","Association"
"150","764","797","Association"
"151","798","4","Association"
"152","799","4","Association"
"153","800","669","Association"
"154","801","200","Association"
"155","801","4","Association"
"156","802","4","Association"
"157","672","4","Association"
"158","117","4","Association"
"159","673","4","Association"
"160","803","4","Association"
"161","674","433","Association"
"162","804","4","Association"
"163","804","456","Association"
"164","803","456","Association"
"165","674","203","Association"
"166","805","456","Association"
"167","805","31","Association"
"168","805","4","Association"
"169","806","0","Association"
"170","806","456","Association"
"171","806","4","Association"
"172","807","326","Association"
"173","808","4","Negative"
"174","808","4","Correlation"
"175","809","4","Association"
"176","810","4","Association"
"177","811","4","Association"
"178","811","30","Association"
"179","811","340","Association"
"180","812","324","Association"
"181","813","4","Association"
"182","813","814","Association"
"183","813","39","Association"
"184","815","28","Association"
"185","816","669","Association"
"186","791","4","Association"
"187","817","31","Association"
"188","791","31","Association"
"189","818","819","Association"
"190","820","4","Association"
"191","821","4","Association"
"192","822","4","Association"
"193","822","823","Association"
"194","188","669","Negative"
"195","188","669","Correlation"
"196","824","4","Association"
"197","825","4","Association"
"198","826","4","Association"
"199","827","4","Association"
"200","681","201","Association"
"201","667","201","Association"
"202","828","669","Association"
"203","829","4","Association"
"204","830","30","Association"
"205","578","4","Association"
"206","831","832","Comparison"
"207","833","4","Association"
"208","833","834","Association"
"209","835","4","Association"
"210","836","4","Negative"
"211","675","3","Association"
"212","836","4","Correlation"
"213","837","456","Association"
"214","837","690","Association"
"215","838","669","Association"
"216","838","456","Association"
"217","839","456","Association"
"218","839","4","Association"
"219","840","4","Association"
"220","531","841","Negative"
"221","531","841","Correlation"
"222","531","842","Negative"
"223","531","842","Correlation"
"224","843","4","Association"
"225","844","31","Negative"
"226","844","31","Correlation"
"227","845","846","Association"
"228","845","666","Association"
"229","847","669","Association"
"230","848","669","Association"
"231","849","4","Association"
"232","850","456","Association"
"233","850","4","Association"
"234","772","708","Association"
"235","772","851","Association"
"236","852","201","Association"
"237","852","4","Association"
"238","853","854","Association"
"239","853","4","Association"
"240","855","4","Association"
"241","856","4","Association"
"242","856","200","Association"
"243","857","858","Association"
"244","859","31","Association"
"245","859","860","Association"
"246","859","4","Association"
"247","861","4","Association"
"248","862","4","Association"
"249","728","863","Association"
"250","822","31","Association"
"251","864","4","Association"
"252","865","4","Association"
"253","675","253","Association"
"254","865","3","Association"
"255","865","866","Association"
"256","865","662","Association"
"257","675","456","Association"
"258","867","4","Association"
"259","675","4","Association"
"260","838","4","Association"
"261","868","31","Negative"
"262","868","31","Correlation"
"263","813","31","Association"
"264","869","784","Association"
"265","869","4","Association"
"266","870","201","Association"
"267","871","872","Negative"
"268","871","872","Correlation"
"269","873","872","Negative"
"270","873","872","Correlation"
"271","874","201","Association"
"272","874","4","Association"
"273","874","705","Association"
"274","874","456","Association"
"275","59","669","Association"
"276","875","31","Association"
"277","875","876","Association"
"278","875","539","Association"
"279","877","4","Association"
"280","878","4","Association"
"281","879","4","Association"
"282","879","880","Positive"
"283","879","880","Correlation"
"284","881","4","Association"
"285","879","882","Association"
"286","883","4","Association"
"287","84","4","Association"
"288","84","671","Association"
"289","884","669","Association"
"290","885","669","Association"
"291","721","4","Association"
"292","872","886","Association"
"293","887","4","Association"
"294","888","4","Association"
"295","889","4","Association"
"296","890","4","Association"
"297","891","4","Association"
"298","892","340","Association"
"299","892","650","Association"
"300","892","893","Association"
"301","894","340","Association"
"302","892","31","Association"
"303","892","4","Association"
"304","894","4","Association"
"305","895","201","Association"
"306","760","201","Association"
"307","760","705","Association"
"308","896","669","Association"
"309","760","669","Association"
"310","760","456","Association"
"311","897","4","Association"
"312","669","667","Association"
"313","898","4","Association"
"314","899","4","Association"
"315","676","669","Association"
"316","900","4","Association"
"317","901","4","Association"
"318","902","4","Association"
"319","902","201","Association"
"320","903","1","Association"
"321","903","4","Association"
"322","904","1","Association"
"323","904","4","Association"
"324","905","456","Association"
"325","906","4","Association"
"326","905","4","Association"
"327","906","456","Association"
"328","907","28","Association"
"329","908","28","Association"
"330","909","910","Negative"
"331","909","910","Correlation"
"332","911","4","Association"
"333","912","4","Association"
"334","913","4","Association"
"335","914","4","Association"
"336","914","671","Association"
"337","915","0","Association"
"338","915","275","Association"
"339","916","275","Association"
"340","916","0","Association"
"341","917","4","Negative"
"342","917","4","Correlation"
"343","917","245","Positive"
"344","917","245","Correlation"
"345","918","4","Positive"
"346","918","4","Correlation"
"347","919","31","Association"
"348","920","921","Association"
"349","667","671","Association"
"350","667","325","Association"
"351","676","456","Association"
"352","19","456","Negative"
"353","19","456","Correlation"
"354","19","200","Negative"
"355","19","200","Correlation"
"356","922","4","Association"
"357","923","4","Association"
"358","924","4","Association"
"359","925","4","Association"
"360","760","671","Association"
"361","926","4","Association"
"362","927","4","Association"
"363","928","929","Association"
"364","930","444","Association"
"365","930","4","Association"
"366","931","4","Association"
"367","932","4","Association"
"368","909","933","Association"
"369","934","4","Association"
"370","935","201","Association"
"371","935","4","Association"
"372","936","937","Negative"
"373","936","937","Correlation"
"374","938","4","Association"
"375","939","4","Association"
"376","940","0","Association"
"377","941","0","Association"
"378","941","4","Association"
"379","942","3","Association"
"380","942","4","Association"
"381","943","4","Association"
"382","688","200","Association"
"383","688","30","Association"
"384","688","568","Association"
"385","688","872","Association"
"386","944","4","Association"
"387","945","200","Association"
"388","946","200","Negative"
"389","946","200","Correlation"
"390","945","456","Association"
"391","947","669","Association"
"392","677","4","Negative"
"393","947","671","Association"
"394","677","4","Correlation"
"395","948","4","Association"
"396","933","949","Negative"
"397","933","949","Correlation"
"398","950","200","Association"
"399","951","669","Association"
"400","952","201","Association"
"401","952","4","Association"
"402","952","456","Association"
"403","953","4","Association"
"404","953","954","Association"
"405","955","4","Association"
"406","955","708","Association"
"407","956","4","Association"
"408","957","662","Association"
"409","957","4","Association"
"410","957","664","Association"
"411","957","456","Association"
"412","957","958","Association"
"413","959","4","Association"
"414","960","4","Association"
"415","961","669","Association"
"416","962","4","Association"
"417","963","4","Association"
"418","964","325","Association"
"419","965","325","Association"
"420","966","456","Association"
"421","967","4","Association"
"422","966","4","Association"
"423","933","23","Negative"
"424","933","23","Correlation"
"425","968","4","Association"
"426","969","4","Association"
"427","970","708","Association"
"428","970","4","Association"
"429","971","972","Association"
"430","971","4","Association"
"431","971","31","Association"
"432","973","201","Association"
"433","973","743","Association"
"434","974","4","Association"
"435","975","669","Association"
"436","976","4","Association"
"437","977","4","Association"
"438","978","4","Association"
"439","979","31","Negative"
"440","979","31","Correlation"
"441","979","4","Negative"
"442","10","31","Association"
"443","979","4","Correlation"
"444","980","981","Association"
"445","982","669","Association"
"446","983","669","Association"
"447","667","851","Association"
"448","984","456","Association"
"449","985","456","Association"
"450","984","4","Association"
"451","985","4","Association"
"452","10","4","Association"
"453","986","4","Association"
"454","987","4","Association"
"455","988","4","Association"
"456","989","4","Association"
"457","990","4","Association"
"458","991","4","Association"
"459","992","4","Association"
"460","188","4","Negative"
"461","188","4","Correlation"
"462","678","39","Association"
"463","993","4","Association"
"464","994","4","Association"
"465","995","4","Association"
"466","995","31","Association"
"467","23","31","Negative"
"468","23","31","Correlation"
"469","31","23","Negative"
"470","31","23","Correlation"
"471","996","4","Association"
"472","936","784","Negative"
"473","936","784","Correlation"
"474","840","708","Association"
"475","840","200","Association"
"476","840","201","Association"
"477","840","784","Association"
"478","840","456","Association"
"479","997","998","Association"
"480","997","4","Association"
"481","999","1000","Association"
"482","707","4","Association"
"483","1001","669","Positive"
"484","1001","669","Correlation"
"485","1002","4","Association"
"486","1002","456","Association"
"487","1003","1004","Association"
"488","1005","705","Association"
"489","1005","1006","Association"
"490","1007","4","Association"
"491","1007","3","Association"
"492","1008","4","Association"
"493","1009","4","Association"
"494","1009","281","Association"
"495","1010","200","Association"
"496","1011","200","Association"
"497","406","766","Negative"
"498","406","766","Correlation"
"499","1012","4","Association"
"500","1013","4","Association"
"501","667","690","Association"
"502","1014","4","Association"
"503","1015","4","Association"
"504","1016","30","Association"
"505","1016","0","Association"
"506","1016","201","Association"
"507","1017","4","Association"
"508","1018","4","Association"
"509","667","929","Association"
"510","1019","4","Association"
"511","1020","851","Association"
"512","1020","31","Association"
"513","1020","4","Association"
"514","1021","31","Association"
"515","1022","4","Association"
"516","1023","4","Association"
"517","1024","4","Association"
"518","678","4","Association"
"519","1025","4","Association"
"520","1026","201","Association"
"521","1026","4","Association"
"522","1026","784","Association"
"523","1027","669","Association"
"524","1027","834","Association"
"525","1028","1029","Association"
"526","1030","1029","Association"
"527","110","200","Association"
"528","1031","4","Association"
"529","1032","669","Association"
"530","1033","669","Association"
"531","1034","671","Association"
"532","1034","456","Association"
"533","1034","4","Association"
"534","198","660","Negative"
"535","198","660","Correlation"
"536","1035","1036","Association"
"537","1035","4","Association"
"538","1037","200","Association"
"539","1038","671","Association"
"540","1037","671","Association"
"541","1039","200","Association"
"542","1038","200","Association"
"543","1039","671","Association"
"544","1040","456","Association"
"545","1041","456","Association"
"546","1040","4","Association"
"547","1041","4","Association"
"548","1042","650","Negative"
"549","1042","650","Correlation"
"550","1043","4","Association"
"551","1043","31","Association"
"552","1044","4","Association"
"553","1043","3","Association"
"554","188","256","Positive"
"555","188","256","Correlation"
"556","1045","4","Negative"
"557","1045","4","Correlation"
"558","1046","669","Association"
"559","1046","456","Association"
"560","896","4","Association"
"561","1047","4","Association"
"562","1048","4","Association"
"563","1048","664","Association"
"564","1048","1049","Association"
"565","1050","4","Association"
"566","1051","4","Association"
"567","736","4","Association"
"568","1052","669","Association"
"569","1053","31","Association"
"570","1054","4","Association"
"571","1055","4","Association"
"572","670","200","Association"
"573","1056","456","Association"
"574","1056","4","Association"
"575","1057","669","Association"
"576","1057","201","Association"
"577","1058","201","Association"
"578","1058","4","Association"
"579","1059","4","Association"
"580","1060","31","Association"
"581","1060","4","Association"
"582","1061","4","Association"
"583","1062","3","Association"
"584","1061","456","Association"
"585","19","3","Negative"
"586","1062","4","Association"
"587","19","3","Correlation"
"588","1061","3","Association"
"589","1063","669","Negative"
"590","1063","669","Correlation"
"591","1063","456","Negative"
"592","1063","456","Correlation"
"593","1063","201","Negative"
"594","1063","201","Correlation"
"595","110","4","Association"
"596","1064","4","Association"
"597","681","669","Association"
"598","681","834","Association"
"599","1065","4","Association"
"600","1065","671","Association"
"601","1066","1067","Association"
"602","19","4","Negative"
"603","1065","1067","Association"
"604","1066","671","Association"
"605","1068","669","Association"
"606","1069","669","Association"
"607","1070","4","Association"
"608","1071","4","Association"
"609","936","31","Negative"
"610","936","31","Correlation"
"611","1072","1073","Association"
"612","1072","1074","Association"
"613","1072","4","Association"
"614","1072","456","Association"
"615","19","4","Correlation"
"616","826","39","Association"
"617","826","6","Association"
"618","806","650","Association"
"619","806","31","Association"
"620","1075","4","Positive"
"621","1075","4","Correlation"
"622","941","201","Association"
"623","1076","4","Association"
"624","1077","669","Association"
"625","1077","456","Association"
"626","1077","39","Association"
"627","1078","39","Association"
"628","184","456","Association"
"629","184","444","Association"
"630","1079","4","Association"
"631","1079","31","Association"
"632","667","669","Association"
"633","1080","4","Association"
"634","679","456","Association"
"635","1081","4","Association"
"636","1082","3","Association"
"637","1082","1083","Association"
"638","1082","4","Association"
"639","1084","4","Association"
"640","710","30","Association"
"641","710","3","Association"
"642","1085","4","Association"
"643","1086","3","Association"
"644","1087","3","Association"
"645","1085","30","Association"
"646","1085","3","Association"
"647","1088","4","Negative"
"648","1088","4","Correlation"
"649","1089","4","Association"
"650","1090","4","Association"
"651","1091","4","Association"
"652","1002","690","Association"
"653","1092","4","Association"
"654","679","4","Association"
"655","1093","4","Association"
"656","1093","456","Association"
"657","1094","4","Association"
"658","1095","4","Association"
"659","1096","4","Association"
"660","1097","671","Association"
"661","1098","933","Association"
"662","1099","764","Association"
"663","1099","4","Association"
"664","65","4","Association"
"665","680","669","Association"
"666","1100","4","Association"
"667","1101","0","Positive"
"668","1101","0","Correlation"
"669","681","4","Association"
"670","1100","0","Association"
"671","65","0","Association"
"672","1102","34","Association"
"673","1102","4","Association"
"674","1103","4","Association"
"675","1104","4","Association"
"676","1105","4","Association"
"677","728","1106","Association"
"678","1107","4","Association"
"679","1108","325","Association"
"680","1108","1","Association"
"681","1108","4","Association"
"682","1109","4","Association"
"683","1110","4","Association"
"684","1111","4","Association"
"685","1112","4","Association"
"686","1113","4","Association"
"687","838","0","Association"
"688","1114","4","Association"
"689","1115","4","Association"
"690","1116","4","Association"
"691","1117","4","Association"
"692","1118","4","Association"
"693","284","31","Negative"
"694","284","31","Correlation"
"695","1119","4","Association"
"696","1120","4","Negative"
"697","1120","4","Correlation"
"698","1121","4","Association"
"699","1122","4","Association"
"700","1123","4","Association"
"701","31","766","Negative"
"702","31","766","Correlation"
"703","779","456","Association"
"704","1124","275","Association"
"705","1125","275","Association"
"706","822","972","Association"
"707","1126","456","Association"
"708","1126","671","Association"
"709","1127","671","Association"
"710","1128","4","Association"
"711","310","4","Association"
"712","1129","4","Association"
"713","1130","1131","Association"
"714","1130","340","Association"
"715","1130","1132","Association"
"716","1130","669","Association"
"717","19","371","Positive"
"718","19","371","Correlation"
"719","1133","4","Association"
"720","19","1134","Positive"
"721","19","1134","Correlation"
"722","1135","31","Association"
"723","1136","1","Association"
"724","1136","4","Association"
"725","1137","31","Association"
"726","1138","1139","Association"
"727","1138","1140","Association"
"728","1141","4","Association"
"729","1141","937","Association"
"730","1142","834","Association"
"731","1142","201","Association"
"732","728","1143","Association"
"733","728","201","Association"
"734","1142","1143","Association"
"735","1144","4","Association"
"736","1144","671","Association"
"737","1145","1067","Association"
"738","1146","1067","Association"
"739","1147","30","Association"
"740","682","683","Negative"
"741","1147","1148","Association"
"742","1149","31","Association"
"743","1150","31","Association"
"744","1108","31","Association"
"745","682","683","Correlation"
"746","1151","1152","Negative"
"747","1151","1152","Correlation"
"748","1153","4","Association"
"749","1153","456","Association"
"750","1135","872","Association"
"751","1154","31","Association"
"752","1154","30","Association"
"753","1154","326","Association"
"754","1155","201","Association"
"755","1155","39","Association"
"756","1156","456","Association"
"757","1156","690","Association"
"758","1156","4","Association"
"759","1157","39","Association"
"760","1157","872","Association"
"761","1157","4","Association"
"762","1158","1159","Positive"
"763","1158","1159","Correlation"
"764","1160","933","Negative"
"765","1160","933","Correlation"
"766","1161","4","Association"
"767","1162","4","Association"
"768","1163","1","Association"
"769","1164","0","Association"
"770","1164","31","Association"
"771","1165","275","Association"
"772","939","669","Association"
"773","1166","669","Association"
"774","1166","201","Association"
"775","1167","39","Association"
"776","1168","4","Association"
"777","1167","4","Association"
"778","1169","784","Association"
"779","1170","645","Association"
"780","1171","645","Negative"
"781","1171","645","Correlation"
"782","1172","23","Cotreatment"
"783","1172","1173","Negative"
"784","1172","1173","Correlation"
"785","1174","1175","Association"
"786","684","200","Association"
"787","1176","4","Association"
"788","1177","0","Association"
"789","1178","531","Negative"
"790","1178","531","Correlation"
"791","1179","531","Negative"
"792","1179","531","Correlation"
"793","1180","669","Association"
"794","684","4","Association"
"795","1181","3","Association"
"796","1181","4","Association"
"797","1182","1","Association"
"798","1182","33","Association"
"799","1182","0","Association"
"800","1182","4","Association"
"801","1183","1184","Negative"
"802","1183","1184","Correlation"
"803","1185","1184","Negative"
"804","1185","1184","Correlation"
"805","1186","4","Association"
"806","1187","4","Association"
"807","1188","4","Association"
"808","1108","200","Association"
"809","1141","200","Association"
"810","1108","456","Association"
"811","1189","4","Association"
"812","1190","4","Negative"
"813","1190","4","Correlation"
"814","163","4","Association"
"815","726","4","Association"
"816","1191","893","Association"
"817","1191","708","Association"
"818","1191","4","Association"
"819","726","708","Association"
"820","1192","4","Association"
"821","1193","4","Association"
"822","1194","1195","Negative"
"823","1194","1195","Correlation"
"824","1196","4","Association"
"825","1197","201","Negative"
"826","1197","201","Correlation"
"827","1198","201","Negative"
"828","1198","201","Correlation"
"829","1199","200","Association"
"830","1200","200","Association"
"831","1194","1201","Negative"
"832","1194","1201","Correlation"
"833","1202","356","Negative"
"834","1202","356","Correlation"
"835","23","1201","Negative"
"836","23","1201","Correlation"
"837","1203","0","Association"
"838","1204","486","Association"
"839","760","486","Association"
"840","1205","4","Association"
"841","1206","1207","Negative"
"842","1206","1207","Correlation"
"843","1206","0","Negative"
"844","1206","0","Correlation"
"845","1194","353","Negative"
"846","1194","353","Correlation"
"847","685","4","Association"
"848","1208","353","Negative"
"849","1208","353","Correlation"
"850","1208","0","Negative"
"851","1208","0","Correlation"
"852","1209","4","Association"
"853","1210","4","Association"
"854","1211","4","Association"
"855","1212","456","Association"
"856","1213","1214","Association"
"857","1215","0","Association"
"858","1216","1217","Association"
"859","1216","30","Association"
"860","1218","1219","Association"
"861","1220","1219","Association"
"862","728","764","Association"
"863","728","763","Association"
"864","1221","4","Association"
"865","859","1222","Association"
"866","859","645","Association"
"867","1223","1036","Association"
"868","1224","893","Association"
"869","60","893","Association"
"870","1225","4","Association"
"871","1226","200","Association"
"872","1227","200","Association"
"873","1227","1006","Association"
"874","879","0","Association"
"875","966","742","Association"
"876","1228","1229","Association"
"877","1228","1230","Association"
"878","728","690","Association"
"879","1231","690","Association"
"880","1232","784","Association"
"881","65","742","Association"
"882","728","671","Association"
"883","1233","1","Association"
"884","1234","5","Association"
"885","1235","1236","Association"
"886","1237","872","Association"
"887","665","784","Association"
"888","1238","0","Association"
"889","1238","203","Association"
"890","1239","0","Association"
"891","1239","203","Association"
"892","1240","203","Association"
"893","1240","0","Association"
"894","1241","0","Association"
"895","125","0","Association"
"896","728","1","Association"
"897","1242","39","Association"
"898","698","36","Association"
"899","36","19","Negative"
"900","36","19","Correlation"
"901","1243","1","Association"
"902","1244","0","Association"
"903","740","4","Association"
"904","1245","1246","Association"
"905","1247","1248","Association"
"906","1090","1230","Association"
"907","1249","761","Association"
"908","1250","1251","Association"
"909","1252","4","Association"
"910","1253","4","Negative"
"911","1253","4","Correlation"
"912","1130","784","Association"
"913","1254","784","Association"
"914","1255","784","Association"
"915","1256","784","Association"
"916","1257","0","Association"
"917","1258","0","Association"
"918","1257","1259","Association"
"919","1257","36","Association"
"920","1260","0","Association"
"921","728","32","Association"
"922","1261","30","Association"
"923","670","1","Association"
"924","1262","784","Association"
"925","1263","4","Association"
"926","1264","456","Association"
"927","1265","0","Association"
"928","1266","36","Association"
"929","1214","0","Association"
"930","1267","0","Association"
"931","1268","4","Association"
"932","1093","0","Association"
"933","1269","31","Association"
"934","1269","0","Association"
"935","1270","0","Association"
"936","1271","28","Association"
"937","1271","0","Association"
"938","1272","1","Negative"
"939","1272","1","Correlation"
"940","1273","0","Association"
"941","1274","4","Association"
"942","1274","1275","Association"
"943","1274","0","Association"
"944","1274","201","Association"
"945","1274","6","Association"
"946","1274","784","Association"
"947","1180","1276","Association"
"948","1277","1","Association"
"949","1224","761","Association"
"950","1278","1279","Association"
"951","728","31","Association"
"952","1280","0","Association"
"953","728","33","Association"
"954","1281","1282","Association"
"955","1283","4","Association"
"956","1284","0","Association"
"957","1285","1286","Association"
"958","1287","1288","Association"
"959","1289","1288","Association"
"960","1290","1","Association"
"961","1290","275","Association"
"962","1291","742","Association"
"963","1292","1","Negative"
"964","1292","1","Correlation"
"965","284","1","Negative"
"966","284","1","Correlation"
"967","1293","1294","Association"
"968","1295","1229","Association"
"969","1295","1296","Association"
"970","1297","1298","Association"
"971","1297","1299","Association"
"972","1300","1","Association"
"973","1301","4","Association"
"974","859","5","Association"
"975","1302","1303","Association"
"976","801","0","Association"
"977","1304","0","Association"
"978","1305","1306","Association"
"979","1305","0","Association"
"980","1191","1307","Association"
"981","728","1308","Association"
"982","1309","4","Association"
"983","1310","1311","Association"
"984","1312","1311","Association"
"985","1312","671","Association"
"986","1310","671","Association"
"987","1313","0","Association"
"988","1314","1315","Association"
"989","125","1315","Association"
"990","125","784","Association"
"991","1316","1","Association"
"992","1317","31","Association"
"993","1318","1319","Association"
"994","1320","456","Association"
"995","1172","1321","Cotreatment"
"996","1322","1173","Negative"
"997","1322","1173","Correlation"
"998","1172","1323","Negative"
"999","1172","1323","Correlation"
"1000","1324","1325","Cotreatment"
"1001","1324","1326","Negative"
"1002","1324","1326","Correlation"
"1003","1172","1325","Cotreatment"
"1004","1324","1327","Negative"
"1005","1324","1327","Correlation"
"1006","1328","0","Association"
"1007","1329","1135","Association"
"1008","1329","1330","Association"
"1009","1194","356","Negative"
"1010","1194","356","Correlation"
"1011","1331","1","Association"
"1012","1332","1","Association"
"1013","1333","0","Association"
"1014","1334","0","Association"
"1015","1335","3","Association"
"1016","1336","0","Association"
"1017","1337","456","Association"
"1018","1337","742","Association"
"1019","1338","6","Association"
"1020","1339","1","Association"
"1021","1340","1341","Association"
"1022","1342","1341","Association"
"1023","123","1341","Association"
"1024","1342","1229","Association"
"1025","1343","275","Association"
"1026","166","31","Association"
"1027","1344","31","Association"
"1028","953","36","Association"
"1029","1345","5","Association"
"1030","1346","4","Association"
"1031","1346","200","Association"
"1032","1346","456","Association"
"1033","1347","1348","Association"
"1034","1349","1350","Association"
"1035","1235","1351","Association"
"1036","1235","1352","Association"
"1037","728","1351","Association"
"1038","347","19","Negative"
"1039","347","19","Correlation"
"1040","1353","4","Negative"
"1041","1353","4","Correlation"
"1042","1354","1355","Negative"
"1043","1354","1355","Correlation"
"1044","1356","1","Association"
"1045","1357","456","Association"
"1046","1358","1351","Association"
"1047","1359","4","Association"
"1048","1360","456","Association"
"1049","1360","1351","Association"
"1050","1361","1","Negative"
"1051","1361","1","Correlation"
"1052","1362","1288","Association"
"1053","1363","0","Association"
"1054","166","0","Association"
"1055","1364","4","Association"
"1056","1365","456","Association"
"1057","1365","742","Association"
"1058","1366","671","Association"
"1059","884","1351","Association"
"1060","1367","4","Association"
"1061","1368","456","Association"
"1062","1369","0","Association"
"1063","1370","1371","Association"
"1064","1370","1372","Association"
"1065","1373","36","Association"
"1066","1374","4","Association"
"1067","1375","30","Association"
"1068","0","1376","Negative"
"1069","0","1376","Correlation"
"1070","1329","31","Association"
"1071","928","1377","Negative"
"1072","928","1377","Correlation"
"1073","1378","742","Association"
"1074","1378","1379","Association"
"1075","163","0","Association"
"1076","1380","36","Association"
"1077","1381","3","Association"
"1078","1194","1382","Negative"
"1079","1194","1382","Correlation"
"1080","812","1","Association"
"1081","60","1311","Association"
"1082","1383","4","Association"
"1083","1384","4","Association"
"1084","1247","0","Association"
"1085","1385","1311","Association"
"1086","1385","1386","Association"
"1087","870","1386","Association"
"1088","1387","0","Association"
"1089","1388","0","Association"
"1090","1369","36","Association"
"1091","1389","1390","Association"
"1092","1391","1390","Association"
"1093","1389","0","Association"
"1094","908","1282","Association"
"1095","1392","36","Negative"
"1096","1392","36","Correlation"
"1097","908","1083","Association"
"1098","908","0","Association"
"1099","1393","0","Association"
"1100","65","662","Association"
"1101","1394","1307","Association"
"1102","716","1307","Association"
"1103","717","929","Association"
"1104","1395","444","Association"
"1105","1395","662","Association"
"1106","65","1348","Association"
"1107","54","456","Association"
"1108","1396","4","Association"
"1109","1397","4","Association"
"1110","1397","784","Association"
"1111","1398","1","Association"
"1112","1399","5","Association"
"1113","1400","31","Association"
"1114","1401","4","Association"
"1115","1402","4","Association"
"1116","1403","456","Association"
"1117","1403","742","Association"
"1118","1404","31","Association"
"1119","1405","0","Association"
"1120","1405","31","Association"
"1121","1406","1407","Association"
"1122","1406","31","Association"
"1123","1408","4","Association"
"1124","1408","39","Association"
"1125","1380","39","Association"
"1126","1409","1410","Association"
"1127","688","39","Association"
"1128","826","1410","Association"
"1129","688","1410","Association"
"1130","1411","743","Association"
"1131","1412","0","Association"
"1132","1413","4","Association"
"1133","1414","1351","Association"
"1134","1415","19","Negative"
"1135","1415","19","Correlation"
"1136","1416","288","Association"
"1137","1416","0","Association"
"1138","1417","201","Association"
"1139","728","1288","Association"
"1140","728","1418","Association"
"1141","1419","200","Association"
"1142","1420","4","Negative"
"1143","1420","4","Correlation"
"1144","665","4","Association"
"1145","1421","0","Negative"
"1146","1421","0","Correlation"
"1147","10","1128","Association"
"1148","1422","761","Association"
"1149","10","761","Association"
"1150","1422","1128","Association"
"1151","1423","1351","Association"
"1152","1424","0","Negative"
"1153","1424","0","Correlation"
"1154","284","1425","Negative"
"1155","284","1425","Correlation"
"1156","1426","531","Negative"
"1157","1426","531","Correlation"
"1158","1178","1427","Negative"
"1159","1178","1427","Correlation"
"1160","1428","39","Association"
"1161","1429","1430","Association"
"1162","1083","1431","Association"
"1163","826","31","Association"
"1164","1432","1230","Association"
"1165","1433","1229","Association"
"1166","1434","1230","Association"
"1167","1435","200","Association"
"1168","1436","200","Association"
"1169","667","60","Positive"
"1170","667","60","Correlation"
"1171","688","36","Association"
"1172","688","325","Association"
"1173","884","1","Association"
"1174","713","0","Association"
"1175","60","1437","Association"
"1176","1438","31","Association"
"1177","1438","4","Association"
"1178","285","4","Association"
"1179","927","456","Association"
"1180","926","456","Association"
"1181","926","0","Association"
"1182","1439","36","Association"
"1183","1235","36","Association"
"1184","1440","36","Association"
"1185","1235","31","Association"
"1186","1235","314","Association"
"1187","1441","1442","Negative"
"1188","1441","1442","Correlation"
"1189","1443","5","Association"
"1190","1444","5","Association"
"1191","1445","5","Association"
"1192","1446","0","Association"
"1193","1447","1448","Association"
"1194","1047","31","Association"
"1195","688","1449","Association"
"1196","688","1","Association"
"1197","1450","1451","Association"
"1198","1452","1453","Association"
"1199","1452","1403","Association"
"1200","1452","761","Association"
"1201","1454","1455","Negative"
"1202","1454","1455","Correlation"
"1203","1454","1456","Negative"
"1204","1454","1456","Correlation"
"1205","1457","4","Association"
"1206","1458","1230","Association"
"1207","1458","1229","Association"
"1208","1459","1140","Association"
"1209","60","690","Association"
"1210","1460","1230","Association"
"1211","188","200","Negative"
"1212","188","200","Correlation"
"1213","1461","1462","Association"
"1214","1461","1461","Association"
"1215","1463","4","Association"
"1216","1464","4","Association"
"1217","1465","671","Association"
"1218","1466","5","Association"
"1219","1464","1467","Association"
"1220","1468","1469","Negative"
"1221","1468","1469","Correlation"
"1222","1470","4","Association"
"1223","1471","1472","Association"
"1224","1473","200","Association"
"1225","728","1474","Association"
"1226","710","39","Association"
"1227","1475","1","Association"
"1228","1476","1","Association"
"1229","728","784","Association"
"1230","728","0","Association"
"1231","1142","1477","Association"
"1232","1142","1478","Association"
"1233","1479","456","Association"
"1234","1480","456","Association"
"1235","1481","372","Association"
"1236","1482","32","Association"
"1237","1483","571","Negative"
"1238","1483","571","Correlation"
"1239","1484","0","Association"
"1240","1485","0","Association"
"1241","896","650","Association"
"1242","879","1418","Association"
"1243","1486","1418","Association"
"1244","1047","36","Association"
"1245","1361","1487","Negative"
"1246","1361","1487","Correlation"
"1247","801","671","Association"
"1248","1488","0","Association"
"1249","1489","1490","Association"
"1250","889","1491","Association"
"1251","1489","1491","Association"
"1252","889","1490","Association"
"1253","889","0","Association"
"1254","1235","1492","Association"
"1255","1235","34","Association"
"1256","1493","1494","Positive"
"1257","1493","1494","Correlation"
"1258","1495","138","Positive"
"1259","1495","138","Correlation"
"1260","1496","4","Association"
"1261","1497","671","Association"
"1262","1361","1498","Negative"
"1263","1361","1498","Correlation"
"1264","1499","4","Association"
"1265","1500","4","Association"
"1266","1499","5","Association"
"1267","1499","325","Association"
"1268","1501","0","Association"
"1269","1502","0","Association"
"1270","1501","784","Association"
"1271","1247","784","Association"
"1272","1502","784","Association"
"1273","1503","4","Association"
"1274","1503","1504","Association"
"1275","1503","0","Association"
"1276","1505","33","Association"
"1277","1506","669","Association"
"1278","1507","669","Association"
"1279","1508","669","Association"
"1280","728","669","Association"
"1281","1509","669","Association"
"1282","1510","669","Association"
"1283","1511","31","Association"
"1284","1090","1","Association"
"1285","1512","742","Association"
"1286","1512","743","Association"
"1287","1512","1513","Association"
"1288","822","0","Association"
"1289","822","1514","Association"
"1290","1220","36","Association"
"1291","1220","3","Association"
"1292","1515","784","Association"
"1293","1515","872","Association"
"1294","1516","4","Association"
"1295","1517","31","Association"
"1296","1518","31","Association"
"1297","1518","937","Association"
"1298","1517","937","Association"
"1299","932","784","Association"
"1300","1517","784","Association"
"1301","1517","0","Association"
"1302","1519","784","Association"
"1303","1520","784","Association"
"1304","1521","356","Negative"
"1305","1521","356","Correlation"
"1306","347","284","Negative"
"1307","347","284","Correlation"
"1308","347","1522","Negative"
"1309","347","1522","Correlation"
"1310","65","33","Association"
"1311","1374","1523","Association"
"1312","1524","4","Association"
"1313","1524","1525","Association"
"1314","1102","1526","Association"
"1315","1102","3","Association"
"1316","1102","0","Association"
"1317","1527","1528","Negative"
"1318","1527","1528","Correlation"
"1319","728","314","Association"
"1320","1529","1492","Association"
"1321","1530","0","Association"
"1322","1530","1531","Association"
"1323","1532","1533","Association"
"1324","1534","1","Association"
"1325","1535","325","Association"
"1326","1536","31","Association"
"1327","1537","31","Association"
"1328","1538","19","Negative"
"1329","1538","19","Correlation"
"1330","204","1539","Positive"
"1331","204","1539","Correlation"
"1332","1476","784","Association"
"1333","1476","1540","Association"
"1334","0","1541","Negative"
"1335","0","1541","Correlation"
"1336","1388","31","Association"
"1337","1542","31","Association"
"1338","1543","1544","Negative"
"1339","1543","1544","Correlation"
"1340","1543","0","Negative"
"1341","1543","0","Correlation"
"1342","1543","1545","Negative"
"1343","1543","1545","Correlation"
"1344","1546","36","Negative"
"1345","1546","36","Correlation"
"1346","1547","4","Association"
"1347","1548","0","Association"
"1348","1549","1036","Association"
"1349","1549","456","Association"
"1350","1550","650","Association"
"1351","60","650","Association"
"1352","1551","31","Association"
"1353","1551","0","Association"
"1354","1552","4","Association"
"1355","1552","671","Association"
"1356","1553","671","Association"
"1357","1552","784","Association"
"1358","1554","4","Association"
"1359","1555","671","Association"
"1360","1554","671","Association"
"1361","1556","4","Association"
"1362","1557","784","Association"
"1363","682","1558","Negative"
"1364","682","1558","Correlation"
"1365","682","1","Negative"
"1366","682","1","Correlation"
"1367","1289","33","Association"
"1368","1559","33","Association"
"1369","1560","33","Association"
"1370","822","33","Association"
"1371","822","1561","Association"
"1372","822","1","Association"
"1373","822","36","Association"
"1374","1562","0","Association"
"1375","1563","1564","Association"
"1376","680","690","Association"
"1377","1565","275","Association"
"1378","1566","275","Association"
"1379","1567","1568","Association"
"1380","1290","1568","Association"
"1381","1569","1570","Association"
"1382","1571","456","Association"
"1383","1571","1572","Association"
"1384","1047","5","Association"
"1385","1573","1574","Association"
"1386","1093","1575","Association"
"1387","1093","36","Association"
"1388","1576","36","Association"
"1389","1194","1577","Negative"
"1390","1194","1577","Correlation"
"1391","1578","1","Association"
"1392","1579","1","Association"
"1393","1580","4","Association"
"1394","1581","4","Association"
"1395","1581","5","Association"
"1396","1582","1049","Association"
"1397","144","1","Negative"
"1398","144","1","Correlation"
"1399","1235","32","Association"
"1400","1583","1451","Association"
"1401","1584","1585","Association"
"1402","890","36","Association"
"1403","1586","36","Association"
"1404","890","784","Association"
"1405","890","0","Association"
"1406","1586","0","Association"
"1407","890","1","Association"
"1408","166","1351","Association"
"1409","60","1222","Association"
"1410","1587","4","Association"
"1411","166","4","Association"
"1412","1493","201","Negative"
"1413","1493","201","Correlation"
"1414","1588","0","Association"
"1415","1589","0","Association"
"1416","1590","4","Association"
"1417","1591","1592","Association"
"1418","812","572","Association"
"1419","1593","4","Association"
"1420","1172","1594","Cotreatment"
"1421","1595","1327","Negative"
"1422","1595","1327","Correlation"
"1423","1234","325","Association"
"1424","1234","314","Association"
"1425","1596","1","Association"
"1426","1597","1598","Association"
"1427","1011","1598","Association"
"1428","1597","761","Association"
"1429","1597","1474","Association"
"1430","110","456","Association"
"1431","1599","742","Association"
"1432","60","1288","Association"
"1433","1600","0","Association"
"1434","1600","1601","Association"
"1435","1513","0","Association"
"1436","60","31","Association"
"1437","60","33","Association"
"1438","1602","784","Negative"
"1439","1602","784","Correlation"
"1440","1602","0","Negative"
"1441","1602","0","Correlation"
"1442","665","0","Association"
"1443","1244","4","Association"
"1444","1224","1128","Association"
"1445","1603","1352","Association"
"1446","1604","1351","Association"
"1447","713","1330","Association"
"1448","1362","36","Association"
"1449","812","1605","Association"
"1450","1502","1606","Association"
"1451","1607","1564","Association"
"1452","1368","645","Association"
"1453","1608","1351","Association"
"1454","1608","1352","Association"
"1455","1609","1201","Negative"
"1456","1609","1201","Correlation"
"1457","1609","201","Negative"
"1458","1609","201","Correlation"
"1459","1609","1173","Negative"
"1460","1609","1173","Correlation"
"1461","1610","1173","Negative"
"1462","1610","1173","Correlation"
"1463","1610","201","Negative"
"1464","1610","201","Correlation"
"1465","1305","1611","Association"
"1466","1612","1613","Association"
"1467","1388","6","Association"
"1468","1614","5","Association"
"1469","1615","4","Association"
"1470","1615","456","Association"
"1471","1616","456","Association"
"1472","1615","5","Association"
"1473","1617","1618","Association"
"1474","1224","1619","Association"
"1475","1224","1121","Association"
"1476","682","571","Negative"
"1477","682","571","Correlation"
"1478","682","1620","Negative"
"1479","682","1620","Correlation"
"1480","1621","31","Association"
"1481","1622","0","Association"
"1482","1289","1","Association"
"1483","1623","784","Association"
"1484","1623","0","Association"
"1485","1624","1625","Association"
"1486","1624","1","Association"
"1487","1626","1627","Association"
"1488","898","5","Association"
"1489","898","201","Association"
"1490","140","1","Negative"
"1491","140","1","Correlation"
"1492","1628","1311","Association"
"1493","1629","1311","Association"
"1494","1630","1631","Association"
"1495","1632","1311","Association"
"1496","1630","1311","Association"
"1497","1633","1311","Association"
"1498","1634","1311","Association"
"1499","888","784","Association"
"1500","1635","671","Association"
"1501","1636","5","Association"
"1502","1636","742","Association"
"1503","1636","1637","Association"
"1504","728","1638","Association"
"1505","728","456","Association"
"1506","1639","4","Association"
"1507","1640","834","Association"
"1508","1640","1641","Association"
"1509","1640","1642","Association"
"1510","1643","4","Association"
"1511","1644","4","Association"
"1512","1645","201","Negative"
"1513","1645","201","Correlation"
"1514","1646","201","Negative"
"1515","1646","201","Correlation"
"1516","1647","201","Negative"
"1517","1647","201","Correlation"
"1518","1648","1","Negative"
"1519","1648","1","Correlation"
"1520","1649","4","Association"
"1521","1650","1455","Negative"
"1522","1650","1455","Correlation"
"1523","953","1651","Association"
"1524","877","1651","Association"
"1525","801","31","Association"
"1526","801","1451","Association"
"1527","1652","36","Association"
"1528","1652","0","Association"
"1529","1652","784","Association"
"1530","1653","1654","Association"
"1531","1653","671","Association"
"1532","1653","4","Association"
"1533","1655","743","Association"
"1534","1656","743","Association"
"1535","1657","200","Association"
"1536","1216","1352","Association"
"1537","1658","4","Association"
"1538","1659","1660","Association"
"1539","1659","1661","Association"
"1540","1662","4","Association"
"1541","1663","4","Association"
"1542","1664","1577","Negative"
"1543","1664","1577","Correlation"
"1544","1287","36","Association"
"1545","1665","36","Association"
"1546","1666","36","Association"
"1547","1667","36","Association"
"1548","1668","36","Association"
"1549","1361","1669","Negative"
"1550","1361","1669","Correlation"
"1551","1670","4","Association"
"1552","1671","444","Negative"
"1553","1671","444","Correlation"
"1554","1180","200","Association"
"1555","1180","456","Association"
"1556","670","1230","Association"
"1557","670","1672","Association"
"1558","1673","1230","Association"
"1559","670","1229","Association"
"1560","839","1674","Association"
"1561","839","1675","Association"
"1562","1676","456","Association"
"1563","728","1677","Association"
"1564","1221","1678","Association"
"1565","1443","30","Association"
"1566","1679","4","Association"
"1567","1680","456","Association"
"1568","1679","456","Association"
"1569","1680","4","Association"
"1570","1681","5","Association"
"1571","1681","1682","Association"
"1572","1683","6","Association"
"1573","1684","444","Association"
"1574","1684","456","Association"
"1575","1684","5","Association"
"1576","1194","1685","Negative"
"1577","1194","1685","Correlation"
"1578","284","1686","Positive"
"1579","284","1686","Correlation"
"1580","1687","4","Association"
"1581","1216","6","Association"
"1582","1216","206","Association"
"1583","1216","5","Association"
"1584","1688","3","Association"
"1585","1689","1690","Association"
"1586","920","200","Association"
"1587","920","671","Association"
"1588","920","1691","Association"
"1589","1692","4","Association"
"1590","822","203","Association"
"1591","822","5","Association"
"1592","1329","4","Association"
"1593","1693","5","Association"
"1594","1694","5","Positive"
"1595","1694","5","Correlation"
"1596","1695","4","Association"
"1597","1696","200","Association"
"1598","728","1697","Association"
"1599","728","1698","Association"
"1600","1699","4","Association"
"1601","1699","3","Association"
"1602","198","1700","Negative"
"1603","198","1700","Correlation"
"1604","1701","1700","Negative"
"1605","1701","1700","Correlation"
"1606","1702","1","Association"
"1607","1703","784","Association"
"1608","1704","0","Association"
"1609","1705","4","Association"
"1610","1034","31","Association"
"1611","60","200","Association"
"1612","1706","4","Association"
"1613","1707","200","Association"
"1614","1289","1708","Association"
"1615","1289","1627","Association"
"1616","1709","0","Association"
"1617","1710","0","Association"
"1618","1711","0","Association"
"1619","1712","4","Association"
"1620","1713","4","Association"
"1621","1714","4","Association"
"1622","1715","33","Association"
"1623","1716","1717","Association"
"1624","1718","1719","Association"
"1625","856","1720","Association"
"1626","1721","4","Association"
"1627","1721","1722","Association"
"1628","1723","143","Association"
"1629","143","1723","Association"
"1630","1723","872","Association"
"1631","713","1724","Association"
"1632","1725","31","Association"
"1633","1725","1726","Association"
"1634","1725","1727","Association"
"1635","1725","1","Association"
"1636","1728","456","Association"
"1637","1216","200","Association"
"1638","1216","1729","Association"
"1639","1216","456","Association"
"1640","1216","1730","Association"
"1641","1216","1731","Association"
"1642","60","1731","Association"
"1643","19","23","Cotreatment"
"1644","1389","4","Association"
"1645","1732","4","Association"
"1646","1389","1682","Association"
"1647","1733","1229","Association"
"1648","1734","456","Association"
"1649","1734","4","Association"
"1650","1734","1311","Association"
"1651","1734","671","Association"
"1652","1735","1736","Association"
"1653","1735","325","Association"
"1654","1735","1737","Association"
"1655","1738","31","Association"
"1656","1361","1739","Negative"
"1657","1361","1739","Correlation"
"1658","1740","1128","Association"
"1659","1740","1741","Association"
"1660","1742","201","Negative"
"1661","1742","201","Correlation"
"1662","1743","1744","Association"
"1663","1304","1745","Association"
"1664","1002","784","Association"
"1665","1220","784","Association"
"1666","1746","6","Positive"
"1667","1746","6","Correlation"
"1668","0","1746","Positive"
"1669","0","1746","Correlation"
"1670","1747","0","Association"
"1671","1748","0","Association"
"1672","1749","456","Association"
"1673","1750","1006","Association"
"1674","60","1751","Association"
"1675","1750","1751","Association"
"1676","1752","200","Association"
"1677","1752","1753","Association"
"1678","688","1618","Association"
"1679","1754","32","Association"
"1680","1484","4","Association"
"1681","1484","325","Association"
"1682","1409","4","Association"
"1683","1409","456","Association"
"1684","1409","1755","Association"
"1685","1409","5","Association"
"1686","1409","39","Association"
"1687","1409","37","Association"
"1688","1271","937","Association"
"1689","1688","937","Association"
"1690","1688","0","Association"
"1691","1314","0","Association"
"1692","1756","1","Association"
"1693","1757","1758","Association"
"1694","1757","456","Association"
"1695","728","893","Association"
"1696","1759","893","Association"
"1697","1760","893","Association"
"1698","1761","201","Association"
"1699","1761","0","Association"
"1700","1762","1","Negative"
"1701","1762","1","Correlation"
"1702","760","5","Association"
"1703","760","1763","Association"
"1704","1764","1765","Association"
"1705","1766","1765","Association"
"1706","1764","32","Association"
"1707","204","39","Positive"
"1708","204","39","Correlation"
"1709","1662","1767","Association"
"1710","728","36","Association"
"1711","896","200","Association"
"1712","1768","4","Association"
"1713","1443","0","Association"
"1714","1443","784","Association"
"1715","1769","671","Association"
"1716","1769","4","Association"
"1717","1769","784","Association"
"1718","1769","0","Association"
"1719","1770","0","Association"
"1720","1770","1771","Association"
"1721","670","6","Association"
"1722","1428","0","Association"
"1723","1772","1311","Association"
"1724","1773","0","Association"
"1725","1774","4","Association"
"1726","1775","1492","Association"
"1727","1776","31","Association"
"1728","1777","456","Association"
"1729","1388","1474","Association"
"1730","1388","1778","Association"
"1731","1779","456","Association"
"1732","1780","1781","Positive"
"1733","1780","1781","Correlation"
"1734","1782","1783","Association"
"1735","60","1784","Association"
"1736","60","834","Association"
"1737","60","1785","Association"
"1738","1786","1229","Association"
"1739","1786","1230","Association"
"1740","1787","1","Negative"
"1741","1787","1","Correlation"
"1742","1388","1351","Association"
"1743","1069","4","Association"
"1744","667","1788","Association"
"1745","1361","1789","Negative"
"1746","1361","1789","Correlation"
"1747","1790","200","Association"
"1748","1791","200","Association"
"1749","1792","456","Association"
"1750","144","138","Positive"
"1751","144","138","Correlation"
"1752","1793","1351","Association"
"1753","1794","1351","Association"
"1754","1576","4","Association"
"1755","1576","314","Association"
"1756","1795","456","Association"
"1757","1576","1504","Association"
"1758","1796","1797","Association"
"1759","1796","784","Association"
"1760","890","1798","Association"
"1761","1454","356","Negative"
"1762","1454","356","Correlation"
"1763","1799","1800","Association"
"1764","1801","0","Negative"
"1765","1801","0","Correlation"
"1766","1802","0","Negative"
"1767","1802","0","Correlation"
"1768","1803","456","Association"
"1769","1289","1804","Association"
"1770","1688","1804","Association"
"1771","1624","0","Association"
"1772","1805","34","Association"
"1773","1805","1806","Association"
"1774","1805","1807","Association"
"1775","1808","671","Negative"
"1776","1808","671","Correlation"
"1777","1809","1672","Association"
"1778","1809","1230","Association"
"1779","284","1810","Positive"
"1780","284","1810","Correlation"
"1781","1811","0","Negative"
"1782","1811","0","Correlation"
"1783","123","31","Association"
"1784","1812","4","Association"
"1785","1812","31","Association"
"1786","1813","872","Association"
"1787","1814","784","Association"
"1788","1815","0","Association"
"1789","1815","1128","Association"
"1790","1815","456","Association"
"1791","1","284","Positive"
"1792","1","284","Correlation"
"1793","1816","4","Association"
"1794","1817","0","Association"
"1795","1818","1286","Association"
"1796","665","31","Association"
"1797","10","1049","Association"
"1798","665","1282","Association"
"1799","1819","761","Association"
"1800","1820","31","Association"
"1801","1821","1","Association"
"1802","1822","456","Association"
"1803","1823","4","Association"
"1804","1824","4","Association"
"1805","1825","5","Association"
"1806","1082","201","Association"
"1807","688","0","Association"
"1808","1220","1826","Association"
"1809","728","6","Association"
"1810","1827","0","Association"
"1811","1827","65","Association"
"1812","728","65","Association"
"1813","1828","4","Association"
"1814","19","31","Negative"
"1815","19","31","Correlation"
"1816","1829","4","Association"
"1817","1830","4","Association"
"1818","1831","4","Association"
"1819","1832","4","Association"
"1820","1194","1833","Negative"
"1821","1194","1833","Correlation"
"1822","1172","1834","Positive"
"1823","1172","1834","Correlation"
"1824","1835","356","Negative"
"1825","1835","356","Correlation"
"1826","284","645","Negative"
"1827","284","645","Correlation"
"1828","1329","325","Association"
"1829","1262","650","Association"
"1830","1836","31","Association"
"1831","1837","645","Association"
"1832","894","1838","Association"
"1833","140","1839","Negative"
"1834","140","1839","Correlation"
"1835","140","119","Negative"
"1836","140","119","Correlation"
"1837","140","650","Negative"
"1838","140","650","Correlation"
"1839","1840","201","Association"
"1840","65","1","Association"
"1841","1841","1842","Association"
"1842","1843","4","Association"
"1843","1844","456","Association"
"1844","1845","0","Association"
"1845","665","5","Association"
"1846","1846","645","Association"
"1847","1847","645","Association"
"1848","1715","0","Association"
"1849","1848","1","Association"
"1850","1849","1850","Association"
"1851","1851","3","Association"
"1852","1852","1853","Association"
"1853","1851","1854","Association"
"1854","1851","784","Association"
"1855","1851","0","Association"
"1856","60","0","Association"
"1857","60","341","Association"
"1858","1855","929","Association"
"1859","1856","27","Association"
"1860","1857","784","Association"
"1861","1857","1083","Association"
"1862","1857","872","Association"
"1863","1857","143","Association"
"1864","1857","39","Association"
"1865","1858","31","Association"
"1866","1262","163","Association"
"1867","1262","1859","Association"
"1868","1262","1860","Association"
"1869","1861","1289","Association"
"1870","1862","31","Association"
"1871","1863","4","Association"
"1872","1864","1778","Association"
"1873","1042","4","Negative"
"1874","1042","4","Correlation"
"1875","1865","664","Association"
"1876","1529","644","Association"
"1877","26","31","Negative"
"1878","26","31","Correlation"
"1879","1141","1866","Association"
"1880","1867","671","Association"
"1881","1868","200","Association"
"1882","1868","671","Association"
"1883","1867","200","Association"
"1884","1867","1868","Association"
"1885","1869","1870","Association"
"1886","1871","1870","Association"
"1887","1871","200","Association"
"1888","847","0","Association"
"1889","1688","1872","Association"
"1890","163","1492","Association"
"1891","1552","486","Association"
"1892","1761","456","Association"
"1893","1873","456","Association"
"1894","1874","1875","Negative"
"1895","1874","1875","Correlation"
"1896","1874","1","Negative"
"1897","1874","1","Correlation"
"1898","1874","1876","Negative"
"1899","1874","1876","Correlation"
"1900","880","4","Association"
"1901","1877","3","Association"
"1902","1878","3","Association"
"1903","880","3","Association"
"1904","880","202","Association"
"1905","880","201","Association"
"1906","909","1879","Negative"
"1907","909","1879","Correlation"
"1908","909","201","Negative"
"1909","909","201","Correlation"
"1910","909","1","Negative"
"1911","909","1","Correlation"
"1912","25","6","Negative"
"1913","25","6","Correlation"
"1914","1880","6","Negative"
"1915","1880","6","Correlation"
"1916","1881","201","Association"
"1917","1027","456","Association"
"1918","1882","742","Association"
"1919","1883","0","Association"
"1920","1883","784","Association"
"1921","1884","31","Negative"
"1922","1884","31","Correlation"
"1923","1884","325","Negative"
"1924","1884","325","Correlation"
"1925","1885","664","Negative"
"1926","1885","664","Correlation"
"1927","1378","456","Association"
"1928","1378","31","Association"
"1929","681","200","Association"
"1930","1886","456","Association"
"1931","1886","1887","Association"
"1932","680","4","Association"
"1933","1347","203","Association"
"1934","1361","1888","Negative"
"1935","1361","1888","Correlation"
"1936","1889","742","Association"
"1937","1889","4","Association"
"1938","1077","1857","Association"
"1939","1857","690","Association"
"1940","1890","4","Association"
"1941","968","1891","Association"
"1942","1285","872","Association"
"1943","1892","4","Association"
"1944","1313","1893","Association"
"1945","1894","1745","Negative"
"1946","1894","1745","Correlation"
"1947","189","4","Negative"
"1948","224","4","Negative"
"1949","189","4","Correlation"
"1950","224","4","Correlation"
"1951","1895","1003","Association"
"1952","1130","4","Association"
"1953","1896","4","Association"
"1954","1130","3","Association"
"1955","1770","31","Association"
"1956","1770","1897","Association"
"1957","1898","31","Association"
"1958","953","1899","Association"
"1959","953","1900","Association"
"1960","953","872","Association"
"1961","1614","784","Association"
"1962","889","1901","Association"
"1963","1902","1903","Association"
"1964","1904","1903","Association"
"1965","1905","4","Association"
"1966","1906","4","Association"
"1967","1907","1908","Negative"
"1968","1907","1908","Correlation"
"1969","1909","0","Association"
"1970","1909","31","Association"
"1971","1909","32","Association"
"1972","1909","1910","Association"
"1973","1911","1288","Association"
"1974","968","1912","Association"
"1975","968","1913","Association"
"1976","968","200","Association"
"1977","371","4","Association"
"1978","1914","4","Association"
"1979","1647","4","Negative"
"1980","1647","4","Correlation"
"1981","1915","28","Association"
"1982","1916","1917","Association"
"1983","1918","456","Association"
"1984","1","23","Negative"
"1985","1","23","Correlation"
"1986","1","1919","Negative"
"1987","1","1919","Correlation"
"1988","1920","1307","Association"
"1989","665","645","Association"
"1990","1921","31","Association"
"1991","676","1922","Association"
"1992","19","140","Cotreatment"
"1993","1923","456","Association"
"1994","1923","5","Association"
"1995","10","1288","Association"
"1996","10","1924","Association"
"1997","1925","1230","Association"
"1998","667","1230","Association"
"1999","1362","33","Association"
"2000","1926","0","Association"
"2001","1927","3","Association"
"2002","1927","1294","Association"
"2003","1928","671","Association"
"2004","18","784","Association"
"2005","18","0","Association"
"2006","1512","1","Association"
"2007","1287","4","Association"
"2008","1501","4","Association"
"2009","284","0","Negative"
"2010","284","0","Correlation"
"2011","1929","433","Negative"
"2012","1929","433","Correlation"
"2013","1929","1930","Positive"
"2014","1929","1930","Correlation"
"2015","1931","305","Positive"
"2016","1931","305","Correlation"
"2017","1932","5","Association"
"2018","1933","4","Association"
"2019","1933","201","Association"
"2020","1934","5","Association"
"2021","198","1935","Negative"
"2022","198","1935","Correlation"
"2023","198","1936","Negative"
"2024","198","1936","Correlation"
"2025","1937","1930","Positive"
"2026","1937","1930","Correlation"
"2027","1938","305","Positive"
"2028","1938","305","Correlation"
"2029","433","1938","Negative"
"2030","433","1938","Correlation"
"2031","1657","690","Association"
"2032","1939","456","Association"
"2033","204","1940","Positive"
"2034","204","1940","Correlation"
"2035","1941","4","Association"
"2036","1942","1","Association"
"2037","1943","1","Association"
"2038","1944","671","Association"
"2039","1209","200","Association"
"2040","1209","1611","Association"
"2041","728","1083","Association"
"2042","1945","4","Association"
"2043","1946","671","Association"
"2044","1947","671","Association"
"2045","1946","0","Association"
"2046","1948","1949","Association"
"2047","1950","1949","Association"
"2048","1947","1949","Association"
"2049","1951","1952","Association"
"2050","1179","1","Negative"
"2051","1179","1","Correlation"
"2052","1179","1427","Negative"
"2053","1179","1427","Correlation"
"2054","1953","1954","Negative"
"2055","1953","1954","Correlation"
"2056","1955","264","Association"
"2057","1956","201","Association"
"2058","60","1957","Association"
"2059","1958","456","Association"
"2060","1289","202","Association"
"2061","1959","202","Association"
"2062","1960","0","Association"
"2063","1961","761","Association"
"2064","1961","1474","Association"
"2065","1962","5","Association"
"2066","60","1963","Association"
"2067","1964","4","Association"
"2068","1604","456","Association"
"2069","1965","456","Association"
"2070","1966","31","Negative"
"2071","1966","31","Correlation"
"2072","1967","0","Association"
"2073","1380","4","Association"
"2074","1968","4","Association"
"2075","1968","1969","Association"
"2076","1970","1971","Association"
"2077","1970","1972","Association"
"2078","1047","1973","Association"
"2079","1974","3","Association"
"2080","1975","3","Association"
"2081","1511","3","Association"
"2082","728","1976","Association"
"2083","668","433","Negative"
"2084","668","433","Correlation"
"2085","1977","1978","Association"
"2086","1979","0","Association"
"2087","1979","345","Association"
"2088","1979","421","Association"
"2089","1178","1","Negative"
"2090","1178","1","Correlation"
"2091","1980","851","Association"
"2092","1657","671","Association"
"2093","1981","671","Association"
"2094","1657","0","Association"
"2095","1982","4","Association"
"2096","1983","671","Association"
"2097","707","1341","Association"
"2098","1983","1619","Association"
"2099","1984","4","Association"
"2100","1985","1986","Association"
"2101","1987","1988","Association"
"2102","1511","1988","Association"
"2103","1989","1006","Negative"
"2104","1989","1006","Correlation"
"2105","1271","1990","Association"
"2106","1991","671","Association"